Ano,Subprefeitura,Dist_Adm,Populacao
2000,Moóca,Água Rasa,85992
2001,Moóca,Água Rasa,86000
2002,Moóca,Água Rasa,85916
2003,Moóca,Água Rasa,85775
2004,Moóca,Água Rasa,85682
2005,Moóca,Água Rasa,85593
2006,Moóca,Água Rasa,85473
2007,Moóca,Água Rasa,85332
2008,Moóca,Água Rasa,85189
2009,Moóca,Água Rasa,85053
2010,Moóca,Água Rasa,84971
2011,Moóca,Água Rasa,85181
2012,Moóca,Água Rasa,85429
2013,Moóca,Água Rasa,85745
2014,Moóca,Água Rasa,86074
2015,Moóca,Água Rasa,86402
2016,Moóca,Água Rasa,86645
2017,Moóca,Água Rasa,86841
2018,Moóca,Água Rasa,87001
2019,Moóca,Água Rasa,87128
2020,Moóca,Água Rasa,87131
2021,Moóca,Água Rasa,86851
2022,Moóca,Água Rasa,86504
2023,Moóca,Água Rasa,86297
2024,Moóca,Água Rasa,85993
2000,Pinheiros,Alto de Pinheiros,44513
2001,Pinheiros,Alto de Pinheiros,44408
2002,Pinheiros,Alto de Pinheiros,44282
2003,Pinheiros,Alto de Pinheiros,44117
2004,Pinheiros,Alto de Pinheiros,43969
2005,Pinheiros,Alto de Pinheiros,43839
2006,Pinheiros,Alto de Pinheiros,43698
2007,Pinheiros,Alto de Pinheiros,43546
2008,Pinheiros,Alto de Pinheiros,43375
2009,Pinheiros,Alto de Pinheiros,43218
2010,Pinheiros,Alto de Pinheiros,43128
2011,Pinheiros,Alto de Pinheiros,42798
2012,Pinheiros,Alto de Pinheiros,42457
2013,Pinheiros,Alto de Pinheiros,42138
2014,Pinheiros,Alto de Pinheiros,41820
2015,Pinheiros,Alto de Pinheiros,41493
2016,Pinheiros,Alto de Pinheiros,41081
2017,Pinheiros,Alto de Pinheiros,40652
2018,Pinheiros,Alto de Pinheiros,40224
2019,Pinheiros,Alto de Pinheiros,39787
2020,Pinheiros,Alto de Pinheiros,39295
2021,Pinheiros,Alto de Pinheiros,38676
2022,Pinheiros,Alto de Pinheiros,38068
2023,Pinheiros,Alto de Pinheiros,37532
2024,Pinheiros,Alto de Pinheiros,36987
2000,Perus,Anhanguera,38037
2001,Perus,Anhanguera,40747
2002,Perus,Anhanguera,43456
2003,Perus,Anhanguera,46162
2004,Perus,Anhanguera,48917
2005,Perus,Anhanguera,51736
2006,Perus,Anhanguera,54560
2007,Perus,Anhanguera,57375
2008,Perus,Anhanguera,60202
2009,Perus,Anhanguera,63056
2010,Perus,Anhanguera,65561
2011,Perus,Anhanguera,66423
2012,Perus,Anhanguera,67262
2013,Perus,Anhanguera,68072
2014,Perus,Anhanguera,68938
2015,Perus,Anhanguera,69830
2016,Perus,Anhanguera,70593
2017,Perus,Anhanguera,71363
2018,Perus,Anhanguera,72159
2019,Perus,Anhanguera,72973
2020,Perus,Anhanguera,73658
2021,Perus,Anhanguera,74140
2022,Perus,Anhanguera,74860
2023,Perus,Anhanguera,75428
2024,Perus,Anhanguera,75967
2000,Aricanduva/Formosa/Carrão,Aricanduva,94845
2001,Aricanduva/Formosa/Carrão,Aricanduva,94516
2002,Aricanduva/Formosa/Carrão,Aricanduva,94090
2003,Aricanduva/Formosa/Carrão,Aricanduva,93631
2004,Aricanduva/Formosa/Carrão,Aricanduva,93108
2005,Aricanduva/Formosa/Carrão,Aricanduva,92545
2006,Aricanduva/Formosa/Carrão,Aricanduva,91988
2007,Aricanduva/Formosa/Carrão,Aricanduva,91382
2008,Aricanduva/Formosa/Carrão,Aricanduva,90748
2009,Aricanduva/Formosa/Carrão,Aricanduva,90118
2010,Aricanduva/Formosa/Carrão,Aricanduva,89664
2011,Aricanduva/Formosa/Carrão,Aricanduva,89862
2012,Aricanduva/Formosa/Carrão,Aricanduva,90076
2013,Aricanduva/Formosa/Carrão,Aricanduva,90246
2014,Aricanduva/Formosa/Carrão,Aricanduva,90370
2015,Aricanduva/Formosa/Carrão,Aricanduva,90552
2016,Aricanduva/Formosa/Carrão,Aricanduva,90678
2017,Aricanduva/Formosa/Carrão,Aricanduva,90774
2018,Aricanduva/Formosa/Carrão,Aricanduva,90870
2019,Aricanduva/Formosa/Carrão,Aricanduva,90906
2020,Aricanduva/Formosa/Carrão,Aricanduva,90822
2021,Aricanduva/Formosa/Carrão,Aricanduva,90497
2022,Aricanduva/Formosa/Carrão,Aricanduva,89998
2023,Aricanduva/Formosa/Carrão,Aricanduva,89773
2024,Aricanduva/Formosa/Carrão,Aricanduva,89499
2000,Penha,Artur Alvim,111294
2001,Penha,Artur Alvim,111052
2002,Penha,Artur Alvim,110617
2003,Penha,Artur Alvim,110092
2004,Penha,Artur Alvim,109499
2005,Penha,Artur Alvim,108867
2006,Penha,Artur Alvim,108139
2007,Penha,Artur Alvim,107392
2008,Penha,Artur Alvim,106648
2009,Penha,Artur Alvim,105867
2010,Penha,Artur Alvim,105317
2011,Penha,Artur Alvim,104730
2012,Penha,Artur Alvim,104179
2013,Penha,Artur Alvim,103643
2014,Penha,Artur Alvim,103072
2015,Penha,Artur Alvim,102465
2016,Penha,Artur Alvim,101713
2017,Penha,Artur Alvim,100951
2018,Penha,Artur Alvim,100242
2019,Penha,Artur Alvim,99514
2020,Penha,Artur Alvim,98592
2021,Penha,Artur Alvim,97306
2022,Penha,Artur Alvim,95947
2023,Penha,Artur Alvim,94840
2024,Penha,Artur Alvim,93634
2000,Lapa,Barra Funda,12992
2001,Lapa,Barra Funda,13136
2002,Lapa,Barra Funda,13265
2003,Lapa,Barra Funda,13361
2004,Lapa,Barra Funda,13457
2005,Lapa,Barra Funda,13599
2006,Lapa,Barra Funda,13754
2007,Lapa,Barra Funda,13905
2008,Lapa,Barra Funda,14070
2009,Lapa,Barra Funda,14231
2010,Lapa,Barra Funda,14371
2011,Lapa,Barra Funda,15861
2012,Lapa,Barra Funda,17372
2013,Lapa,Barra Funda,18904
2014,Lapa,Barra Funda,20502
2015,Lapa,Barra Funda,22134
2016,Lapa,Barra Funda,23775
2017,Lapa,Barra Funda,25404
2018,Lapa,Barra Funda,27062
2019,Lapa,Barra Funda,28732
2020,Lapa,Barra Funda,30377
2021,Lapa,Barra Funda,31985
2022,Lapa,Barra Funda,33377
2023,Lapa,Barra Funda,34965
2024,Lapa,Barra Funda,36499
2000,Sé,Bela Vista,63276
2001,Sé,Bela Vista,63979
2002,Sé,Bela Vista,64639
2003,Sé,Bela Vista,65273
2004,Sé,Bela Vista,65888
2005,Sé,Bela Vista,66517
2006,Sé,Bela Vista,67131
2007,Sé,Bela Vista,67735
2008,Sé,Bela Vista,68329
2009,Sé,Bela Vista,68896
2010,Sé,Bela Vista,69406
2011,Sé,Bela Vista,68819
2012,Sé,Bela Vista,68167
2013,Sé,Bela Vista,67455
2014,Sé,Bela Vista,66725
2015,Sé,Bela Vista,65927
2016,Sé,Bela Vista,65138
2017,Sé,Bela Vista,64317
2018,Sé,Bela Vista,63629
2019,Sé,Bela Vista,62934
2020,Sé,Bela Vista,62051
2021,Sé,Bela Vista,61156
2022,Sé,Bela Vista,60277
2023,Sé,Bela Vista,59438
2024,Sé,Bela Vista,58525
2000,Moóca,Belém,39712
2001,Moóca,Belém,40107
2002,Moóca,Belém,40496
2003,Moóca,Belém,40940
2004,Moóca,Belém,41438
2005,Moóca,Belém,42038
2006,Moóca,Belém,42676
2007,Moóca,Belém,43282
2008,Moóca,Belém,43874
2009,Moóca,Belém,44447
2010,Moóca,Belém,45010
2011,Moóca,Belém,46036
2012,Moóca,Belém,47028
2013,Moóca,Belém,47902
2014,Moóca,Belém,48709
2015,Moóca,Belém,49514
2016,Moóca,Belém,50457
2017,Moóca,Belém,51391
2018,Moóca,Belém,52323
2019,Moóca,Belém,53269
2020,Moóca,Belém,54090
2021,Moóca,Belém,54870
2022,Moóca,Belém,55555
2023,Moóca,Belém,56454
2024,Moóca,Belém,57248
2000,Sé,Bom Retiro,26678
2001,Sé,Bom Retiro,27345
2002,Sé,Bom Retiro,27985
2003,Sé,Bom Retiro,28656
2004,Sé,Bom Retiro,29370
2005,Sé,Bom Retiro,30092
2006,Sé,Bom Retiro,30815
2007,Sé,Bom Retiro,31565
2008,Sé,Bom Retiro,32321
2009,Sé,Bom Retiro,33089
2010,Sé,Bom Retiro,33825
2011,Sé,Bom Retiro,33889
2012,Sé,Bom Retiro,33909
2013,Sé,Bom Retiro,33903
2014,Sé,Bom Retiro,33871
2015,Sé,Bom Retiro,33829
2016,Sé,Bom Retiro,33819
2017,Sé,Bom Retiro,33809
2018,Sé,Bom Retiro,33799
2019,Sé,Bom Retiro,33759
2020,Sé,Bom Retiro,33643
2021,Sé,Bom Retiro,33509
2022,Sé,Bom Retiro,33418
2023,Sé,Bom Retiro,33322
2024,Sé,Bom Retiro,33179
2000,Moóca,Brás,25230
2001,Moóca,Brás,25636
2002,Moóca,Brás,26003
2003,Moóca,Brás,26363
2004,Moóca,Brás,26725
2005,Moóca,Brás,27128
2006,Moóca,Brás,27524
2007,Moóca,Brás,27954
2008,Moóca,Brás,28424
2009,Moóca,Brás,28846
2010,Moóca,Brás,29229
2011,Moóca,Brás,30026
2012,Moóca,Brás,30833
2013,Moóca,Brás,31580
2014,Moóca,Brás,32359
2015,Moóca,Brás,33153
2016,Moóca,Brás,33941
2017,Moóca,Brás,34715
2018,Moóca,Brás,35537
2019,Moóca,Brás,36351
2020,Moóca,Brás,37050
2021,Moóca,Brás,37741
2022,Moóca,Brás,38400
2023,Moóca,Brás,39149
2024,Moóca,Brás,39822
2000,Freguesia/Brasilândia,Brasilândia,246906
2001,Freguesia/Brasilândia,Brasilândia,249560
2002,Freguesia/Brasilândia,Brasilândia,251751
2003,Freguesia/Brasilândia,Brasilândia,253750
2004,Freguesia/Brasilândia,Brasilândia,255665
2005,Freguesia/Brasilândia,Brasilândia,257482
2006,Freguesia/Brasilândia,Brasilândia,259024
2007,Freguesia/Brasilândia,Brasilândia,260393
2008,Freguesia/Brasilândia,Brasilândia,261795
2009,Freguesia/Brasilândia,Brasilândia,263138
2010,Freguesia/Brasilândia,Brasilândia,264764
2011,Freguesia/Brasilândia,Brasilândia,263447
2012,Freguesia/Brasilândia,Brasilândia,262105
2013,Freguesia/Brasilândia,Brasilândia,260639
2014,Freguesia/Brasilândia,Brasilândia,259103
2015,Freguesia/Brasilândia,Brasilândia,257573
2016,Freguesia/Brasilândia,Brasilândia,256167
2017,Freguesia/Brasilândia,Brasilândia,254644
2018,Freguesia/Brasilândia,Brasilândia,252914
2019,Freguesia/Brasilândia,Brasilândia,250868
2020,Freguesia/Brasilândia,Brasilândia,248298
2021,Freguesia/Brasilândia,Brasilândia,245109
2022,Freguesia/Brasilândia,Brasilândia,241824
2023,Freguesia/Brasilândia,Brasilândia,238405
2024,Freguesia/Brasilândia,Brasilândia,234740
2000,Butantã,Butantã,52705
2001,Butantã,Butantã,52969
2002,Butantã,Butantã,53206
2003,Butantã,Butantã,53381
2004,Butantã,Butantã,53557
2005,Butantã,Butantã,53722
2006,Butantã,Butantã,53821
2007,Butantã,Butantã,53896
2008,Butantã,Butantã,53986
2009,Butantã,Butantã,54080
2010,Butantã,Butantã,54184
2011,Butantã,Butantã,54007
2012,Butantã,Butantã,53874
2013,Butantã,Butantã,53803
2014,Butantã,Butantã,53716
2015,Butantã,Butantã,53642
2016,Butantã,Butantã,53600
2017,Butantã,Butantã,53525
2018,Butantã,Butantã,53352
2019,Butantã,Butantã,53138
2020,Butantã,Butantã,52904
2021,Butantã,Butantã,52577
2022,Butantã,Butantã,52168
2023,Butantã,Butantã,51776
2024,Butantã,Butantã,51323
2000,Casa Verde/Cachoeirinha,Cachoeirinha,147458
2001,Casa Verde/Cachoeirinha,Cachoeirinha,147430
2002,Casa Verde/Cachoeirinha,Cachoeirinha,147165
2003,Casa Verde/Cachoeirinha,Cachoeirinha,146781
2004,Casa Verde/Cachoeirinha,Cachoeirinha,146352
2005,Casa Verde/Cachoeirinha,Cachoeirinha,145867
2006,Casa Verde/Cachoeirinha,Cachoeirinha,145381
2007,Casa Verde/Cachoeirinha,Cachoeirinha,144822
2008,Casa Verde/Cachoeirinha,Cachoeirinha,144202
2009,Casa Verde/Cachoeirinha,Cachoeirinha,143662
2010,Casa Verde/Cachoeirinha,Cachoeirinha,143555
2011,Casa Verde/Cachoeirinha,Cachoeirinha,143738
2012,Casa Verde/Cachoeirinha,Cachoeirinha,143907
2013,Casa Verde/Cachoeirinha,Cachoeirinha,144051
2014,Casa Verde/Cachoeirinha,Cachoeirinha,144217
2015,Casa Verde/Cachoeirinha,Cachoeirinha,144464
2016,Casa Verde/Cachoeirinha,Cachoeirinha,144684
2017,Casa Verde/Cachoeirinha,Cachoeirinha,144856
2018,Casa Verde/Cachoeirinha,Cachoeirinha,144996
2019,Casa Verde/Cachoeirinha,Cachoeirinha,144907
2020,Casa Verde/Cachoeirinha,Cachoeirinha,144508
2021,Casa Verde/Cachoeirinha,Cachoeirinha,143774
2022,Casa Verde/Cachoeirinha,Cachoeirinha,142761
2023,Casa Verde/Cachoeirinha,Cachoeirinha,141982
2024,Casa Verde/Cachoeirinha,Cachoeirinha,141097
2000,Sé,Cambuci,28790
2001,Sé,Cambuci,29554
2002,Sé,Cambuci,30310
2003,Sé,Cambuci,31114
2004,Sé,Cambuci,31969
2005,Sé,Cambuci,32822
2006,Sé,Cambuci,33650
2007,Sé,Cambuci,34484
2008,Sé,Cambuci,35306
2009,Sé,Cambuci,36134
2010,Sé,Cambuci,36872
2011,Sé,Cambuci,37594
2012,Sé,Cambuci,38321
2013,Sé,Cambuci,39043
2014,Sé,Cambuci,39741
2015,Sé,Cambuci,40461
2016,Sé,Cambuci,41180
2017,Sé,Cambuci,41907
2018,Sé,Cambuci,42669
2019,Sé,Cambuci,43396
2020,Sé,Cambuci,44038
2021,Sé,Cambuci,44634
2022,Sé,Cambuci,45259
2023,Sé,Cambuci,45896
2024,Sé,Cambuci,46497
2000,Santo Amaro,Campo Belo,66756
2001,Santo Amaro,Campo Belo,66750
2002,Santo Amaro,Campo Belo,66666
2003,Santo Amaro,Campo Belo,66528
2004,Santo Amaro,Campo Belo,66389
2005,Santo Amaro,Campo Belo,66275
2006,Santo Amaro,Campo Belo,66157
2007,Santo Amaro,Campo Belo,66030
2008,Santo Amaro,Campo Belo,65876
2009,Santo Amaro,Campo Belo,65755
2010,Santo Amaro,Campo Belo,65760
2011,Santo Amaro,Campo Belo,66357
2012,Santo Amaro,Campo Belo,66971
2013,Santo Amaro,Campo Belo,67603
2014,Santo Amaro,Campo Belo,68224
2015,Santo Amaro,Campo Belo,68827
2016,Santo Amaro,Campo Belo,69350
2017,Santo Amaro,Campo Belo,69868
2018,Santo Amaro,Campo Belo,70377
2019,Santo Amaro,Campo Belo,70883
2020,Santo Amaro,Campo Belo,71323
2021,Santo Amaro,Campo Belo,71599
2022,Santo Amaro,Campo Belo,71779
2023,Santo Amaro,Campo Belo,72068
2024,Santo Amaro,Campo Belo,72325
2000,Santo Amaro,Campo Grande,91298
2001,Santo Amaro,Campo Grande,92333
2002,Santo Amaro,Campo Grande,93326
2003,Santo Amaro,Campo Grande,94289
2004,Santo Amaro,Campo Grande,95229
2005,Santo Amaro,Campo Grande,96205
2006,Santo Amaro,Campo Grande,97148
2007,Santo Amaro,Campo Grande,98027
2008,Santo Amaro,Campo Grande,98918
2009,Santo Amaro,Campo Grande,99804
2010,Santo Amaro,Campo Grande,100631
2011,Santo Amaro,Campo Grande,102069
2012,Santo Amaro,Campo Grande,103546
2013,Santo Amaro,Campo Grande,105060
2014,Santo Amaro,Campo Grande,106604
2015,Santo Amaro,Campo Grande,108161
2016,Santo Amaro,Campo Grande,109519
2017,Santo Amaro,Campo Grande,110796
2018,Santo Amaro,Campo Grande,112128
2019,Santo Amaro,Campo Grande,113479
2020,Santo Amaro,Campo Grande,114723
2021,Santo Amaro,Campo Grande,115613
2022,Santo Amaro,Campo Grande,116404
2023,Santo Amaro,Campo Grande,117331
2024,Santo Amaro,Campo Grande,118297
2000,Campo Limpo,Campo Limpo,191239
2001,Campo Limpo,Campo Limpo,193703
2002,Campo Limpo,Campo Limpo,195908
2003,Campo Limpo,Campo Limpo,197923
2004,Campo Limpo,Campo Limpo,199813
2005,Campo Limpo,Campo Limpo,201730
2006,Campo Limpo,Campo Limpo,203662
2007,Campo Limpo,Campo Limpo,205498
2008,Campo Limpo,Campo Limpo,207302
2009,Campo Limpo,Campo Limpo,209182
2010,Campo Limpo,Campo Limpo,211186
2011,Campo Limpo,Campo Limpo,213460
2012,Campo Limpo,Campo Limpo,215752
2013,Campo Limpo,Campo Limpo,217975
2014,Campo Limpo,Campo Limpo,220143
2015,Campo Limpo,Campo Limpo,222403
2016,Campo Limpo,Campo Limpo,224704
2017,Campo Limpo,Campo Limpo,226903
2018,Campo Limpo,Campo Limpo,229038
2019,Campo Limpo,Campo Limpo,231145
2020,Campo Limpo,Campo Limpo,232854
2021,Campo Limpo,Campo Limpo,234034
2022,Campo Limpo,Campo Limpo,235049
2023,Campo Limpo,Campo Limpo,236260
2024,Campo Limpo,Campo Limpo,237221
2000,Penha,Cangaíba,137243
2001,Penha,Cangaíba,137470
2002,Penha,Cangaíba,137534
2003,Penha,Cangaíba,137504
2004,Penha,Cangaíba,137443
2005,Penha,Cangaíba,137428
2006,Penha,Cangaíba,137320
2007,Penha,Cangaíba,137059
2008,Penha,Cangaíba,136844
2009,Penha,Cangaíba,136641
2010,Penha,Cangaíba,136628
2011,Penha,Cangaíba,137299
2012,Penha,Cangaíba,137922
2013,Penha,Cangaíba,138460
2014,Penha,Cangaíba,139046
2015,Penha,Cangaíba,139622
2016,Penha,Cangaíba,140062
2017,Penha,Cangaíba,140476
2018,Penha,Cangaíba,140906
2019,Penha,Cangaíba,141222
2020,Penha,Cangaíba,141391
2021,Penha,Cangaíba,141319
2022,Penha,Cangaíba,141052
2023,Penha,Cangaíba,141015
2024,Penha,Cangaíba,140824
2000,Campo Limpo,Capão Redondo,240353
2001,Campo Limpo,Capão Redondo,243445
2002,Campo Limpo,Capão Redondo,246113
2003,Campo Limpo,Capão Redondo,248921
2004,Campo Limpo,Capão Redondo,251927
2005,Campo Limpo,Capão Redondo,254826
2006,Campo Limpo,Capão Redondo,257561
2007,Campo Limpo,Capão Redondo,260243
2008,Campo Limpo,Capão Redondo,262937
2009,Campo Limpo,Capão Redondo,265649
2010,Campo Limpo,Capão Redondo,268481
2011,Campo Limpo,Capão Redondo,269165
2012,Campo Limpo,Capão Redondo,269863
2013,Campo Limpo,Capão Redondo,270509
2014,Campo Limpo,Capão Redondo,271112
2015,Campo Limpo,Capão Redondo,271619
2016,Campo Limpo,Capão Redondo,271916
2017,Campo Limpo,Capão Redondo,272043
2018,Campo Limpo,Capão Redondo,272163
2019,Campo Limpo,Capão Redondo,272019
2020,Campo Limpo,Capão Redondo,271460
2021,Campo Limpo,Capão Redondo,270467
2022,Campo Limpo,Capão Redondo,269299
2023,Campo Limpo,Capão Redondo,268215
2024,Campo Limpo,Capão Redondo,266833
2000,Aricanduva/Formosa/Carrão,Carrão,78269
2001,Aricanduva/Formosa/Carrão,Carrão,78855
2002,Aricanduva/Formosa/Carrão,Carrão,79366
2003,Aricanduva/Formosa/Carrão,Carrão,79904
2004,Aricanduva/Formosa/Carrão,Carrão,80446
2005,Aricanduva/Formosa/Carrão,Carrão,80974
2006,Aricanduva/Formosa/Carrão,Carrão,81482
2007,Aricanduva/Formosa/Carrão,Carrão,81923
2008,Aricanduva/Formosa/Carrão,Carrão,82381
2009,Aricanduva/Formosa/Carrão,Carrão,82852
2010,Aricanduva/Formosa/Carrão,Carrão,83238
2011,Aricanduva/Formosa/Carrão,Carrão,83542
2012,Aricanduva/Formosa/Carrão,Carrão,83884
2013,Aricanduva/Formosa/Carrão,Carrão,84213
2014,Aricanduva/Formosa/Carrão,Carrão,84516
2015,Aricanduva/Formosa/Carrão,Carrão,84825
2016,Aricanduva/Formosa/Carrão,Carrão,85022
2017,Aricanduva/Formosa/Carrão,Carrão,85220
2018,Aricanduva/Formosa/Carrão,Carrão,85446
2019,Aricanduva/Formosa/Carrão,Carrão,85625
2020,Aricanduva/Formosa/Carrão,Carrão,85619
2021,Aricanduva/Formosa/Carrão,Carrão,85358
2022,Aricanduva/Formosa/Carrão,Carrão,85122
2023,Aricanduva/Formosa/Carrão,Carrão,84992
2024,Aricanduva/Formosa/Carrão,Carrão,84724
2000,Casa Verde/Cachoeirinha,Casa Verde,83753
2001,Casa Verde/Cachoeirinha,Casa Verde,84045
2002,Casa Verde/Cachoeirinha,Casa Verde,84205
2003,Casa Verde/Cachoeirinha,Casa Verde,84358
2004,Casa Verde/Cachoeirinha,Casa Verde,84566
2005,Casa Verde/Cachoeirinha,Casa Verde,84803
2006,Casa Verde/Cachoeirinha,Casa Verde,85000
2007,Casa Verde/Cachoeirinha,Casa Verde,85184
2008,Casa Verde/Cachoeirinha,Casa Verde,85350
2009,Casa Verde/Cachoeirinha,Casa Verde,85451
2010,Casa Verde/Cachoeirinha,Casa Verde,85608
2011,Casa Verde/Cachoeirinha,Casa Verde,85420
2012,Casa Verde/Cachoeirinha,Casa Verde,85228
2013,Casa Verde/Cachoeirinha,Casa Verde,85034
2014,Casa Verde/Cachoeirinha,Casa Verde,84804
2015,Casa Verde/Cachoeirinha,Casa Verde,84552
2016,Casa Verde/Cachoeirinha,Casa Verde,84263
2017,Casa Verde/Cachoeirinha,Casa Verde,83880
2018,Casa Verde/Cachoeirinha,Casa Verde,83450
2019,Casa Verde/Cachoeirinha,Casa Verde,82998
2020,Casa Verde/Cachoeirinha,Casa Verde,82404
2021,Casa Verde/Cachoeirinha,Casa Verde,81620
2022,Casa Verde/Cachoeirinha,Casa Verde,80827
2023,Casa Verde/Cachoeirinha,Casa Verde,80147
2024,Casa Verde/Cachoeirinha,Casa Verde,79301
2000,Cidade Ademar,Cidade Ademar,243297
2001,Cidade Ademar,Cidade Ademar,246388
2002,Cidade Ademar,Cidade Ademar,249066
2003,Cidade Ademar,Cidade Ademar,251494
2004,Cidade Ademar,Cidade Ademar,253758
2005,Cidade Ademar,Cidade Ademar,255969
2006,Cidade Ademar,Cidade Ademar,258125
2007,Cidade Ademar,Cidade Ademar,260096
2008,Cidade Ademar,Cidade Ademar,262091
2009,Cidade Ademar,Cidade Ademar,264194
2010,Cidade Ademar,Cidade Ademar,266479
2011,Cidade Ademar,Cidade Ademar,265459
2012,Cidade Ademar,Cidade Ademar,264490
2013,Cidade Ademar,Cidade Ademar,263486
2014,Cidade Ademar,Cidade Ademar,262345
2015,Cidade Ademar,Cidade Ademar,261250
2016,Cidade Ademar,Cidade Ademar,260217
2017,Cidade Ademar,Cidade Ademar,259059
2018,Cidade Ademar,Cidade Ademar,257639
2019,Cidade Ademar,Cidade Ademar,255909
2020,Cidade Ademar,Cidade Ademar,253795
2021,Cidade Ademar,Cidade Ademar,251066
2022,Cidade Ademar,Cidade Ademar,248360
2023,Cidade Ademar,Cidade Ademar,245527
2024,Cidade Ademar,Cidade Ademar,242478
2000,Capela do Socorro,Cidade Dutra,191203
2001,Capela do Socorro,Cidade Dutra,192230
2002,Capela do Socorro,Cidade Dutra,193033
2003,Capela do Socorro,Cidade Dutra,193696
2004,Capela do Socorro,Cidade Dutra,194238
2005,Capela do Socorro,Cidade Dutra,194664
2006,Capela do Socorro,Cidade Dutra,195053
2007,Capela do Socorro,Cidade Dutra,195292
2008,Capela do Socorro,Cidade Dutra,195520
2009,Capela do Socorro,Cidade Dutra,195788
2010,Capela do Socorro,Cidade Dutra,196317
2011,Capela do Socorro,Cidade Dutra,195626
2012,Capela do Socorro,Cidade Dutra,194886
2013,Capela do Socorro,Cidade Dutra,194005
2014,Capela do Socorro,Cidade Dutra,193149
2015,Capela do Socorro,Cidade Dutra,192329
2016,Capela do Socorro,Cidade Dutra,191306
2017,Capela do Socorro,Cidade Dutra,190154
2018,Capela do Socorro,Cidade Dutra,188980
2019,Capela do Socorro,Cidade Dutra,187704
2020,Capela do Socorro,Cidade Dutra,186243
2021,Capela do Socorro,Cidade Dutra,184334
2022,Capela do Socorro,Cidade Dutra,182224
2023,Capela do Socorro,Cidade Dutra,180273
2024,Capela do Socorro,Cidade Dutra,178182
2000,Itaquera,Cidade Líder,116666
2001,Itaquera,Cidade Líder,117821
2002,Itaquera,Cidade Líder,118931
2003,Itaquera,Cidade Líder,120022
2004,Itaquera,Cidade Líder,121032
2005,Itaquera,Cidade Líder,122016
2006,Itaquera,Cidade Líder,122959
2007,Itaquera,Cidade Líder,123827
2008,Itaquera,Cidade Líder,124678
2009,Itaquera,Cidade Líder,125546
2010,Itaquera,Cidade Líder,126512
2011,Itaquera,Cidade Líder,127388
2012,Itaquera,Cidade Líder,128359
2013,Itaquera,Cidade Líder,129268
2014,Itaquera,Cidade Líder,130309
2015,Itaquera,Cidade Líder,131477
2016,Itaquera,Cidade Líder,132481
2017,Itaquera,Cidade Líder,133431
2018,Itaquera,Cidade Líder,134364
2019,Itaquera,Cidade Líder,135203
2020,Itaquera,Cidade Líder,135824
2021,Itaquera,Cidade Líder,136082
2022,Itaquera,Cidade Líder,136309
2023,Itaquera,Cidade Líder,136634
2024,Itaquera,Cidade Líder,136921
2000,Cidade Tiradentes,Cidade Tiradentes,189500
2001,Cidade Tiradentes,Cidade Tiradentes,191880
2002,Cidade Tiradentes,Cidade Tiradentes,194119
2003,Cidade Tiradentes,Cidade Tiradentes,196310
2004,Cidade Tiradentes,Cidade Tiradentes,198552
2005,Cidade Tiradentes,Cidade Tiradentes,200793
2006,Cidade Tiradentes,Cidade Tiradentes,202854
2007,Cidade Tiradentes,Cidade Tiradentes,204886
2008,Cidade Tiradentes,Cidade Tiradentes,206992
2009,Cidade Tiradentes,Cidade Tiradentes,209108
2010,Cidade Tiradentes,Cidade Tiradentes,211309
2011,Cidade Tiradentes,Cidade Tiradentes,210135
2012,Cidade Tiradentes,Cidade Tiradentes,208968
2013,Cidade Tiradentes,Cidade Tiradentes,207794
2014,Cidade Tiradentes,Cidade Tiradentes,206663
2015,Cidade Tiradentes,Cidade Tiradentes,205661
2016,Cidade Tiradentes,Cidade Tiradentes,204354
2017,Cidade Tiradentes,Cidade Tiradentes,202904
2018,Cidade Tiradentes,Cidade Tiradentes,201399
2019,Cidade Tiradentes,Cidade Tiradentes,199853
2020,Cidade Tiradentes,Cidade Tiradentes,197970
2021,Cidade Tiradentes,Cidade Tiradentes,195449
2022,Cidade Tiradentes,Cidade Tiradentes,193109
2023,Cidade Tiradentes,Cidade Tiradentes,190611
2024,Cidade Tiradentes,Cidade Tiradentes,188093
2000,Sé,Consolação,54632
2001,Sé,Consolação,54946
2002,Sé,Consolação,55227
2003,Sé,Consolação,55548
2004,Sé,Consolação,55871
2005,Sé,Consolação,56173
2006,Sé,Consolação,56427
2007,Sé,Consolação,56643
2008,Sé,Consolação,56891
2009,Sé,Consolação,57154
2010,Sé,Consolação,57342
2011,Sé,Consolação,57106
2012,Sé,Consolação,56914
2013,Sé,Consolação,56697
2014,Sé,Consolação,56452
2015,Sé,Consolação,56206
2016,Sé,Consolação,55955
2017,Sé,Consolação,55669
2018,Sé,Consolação,55411
2019,Sé,Consolação,55131
2020,Sé,Consolação,54708
2021,Sé,Consolação,54271
2022,Sé,Consolação,53924
2023,Sé,Consolação,53610
2024,Sé,Consolação,53270
2000,Ipiranga,Cursino,102182
2001,Ipiranga,Cursino,102963
2002,Ipiranga,Cursino,103604
2003,Ipiranga,Cursino,104322
2004,Ipiranga,Cursino,105051
2005,Ipiranga,Cursino,105714
2006,Ipiranga,Cursino,106389
2007,Ipiranga,Cursino,107042
2008,Ipiranga,Cursino,107670
2009,Ipiranga,Cursino,108342
2010,Ipiranga,Cursino,109029
2011,Ipiranga,Cursino,108793
2012,Ipiranga,Cursino,108569
2013,Ipiranga,Cursino,108323
2014,Ipiranga,Cursino,108020
2015,Ipiranga,Cursino,107731
2016,Ipiranga,Cursino,107408
2017,Ipiranga,Cursino,107004
2018,Ipiranga,Cursino,106581
2019,Ipiranga,Cursino,106105
2020,Ipiranga,Cursino,105535
2021,Ipiranga,Cursino,104726
2022,Ipiranga,Cursino,103813
2023,Ipiranga,Cursino,102905
2024,Ipiranga,Cursino,101967
2000,Ermelino Matarazzo,Ermelino Matarazzo,106748
2001,Ermelino Matarazzo,Ermelino Matarazzo,107609
2002,Ermelino Matarazzo,Ermelino Matarazzo,108399
2003,Ermelino Matarazzo,Ermelino Matarazzo,109188
2004,Ermelino Matarazzo,Ermelino Matarazzo,109964
2005,Ermelino Matarazzo,Ermelino Matarazzo,110696
2006,Ermelino Matarazzo,Ermelino Matarazzo,111428
2007,Ermelino Matarazzo,Ermelino Matarazzo,112068
2008,Ermelino Matarazzo,Ermelino Matarazzo,112580
2009,Ermelino Matarazzo,Ermelino Matarazzo,113033
2010,Ermelino Matarazzo,Ermelino Matarazzo,113556
2011,Ermelino Matarazzo,Ermelino Matarazzo,113573
2012,Ermelino Matarazzo,Ermelino Matarazzo,113585
2013,Ermelino Matarazzo,Ermelino Matarazzo,113602
2014,Ermelino Matarazzo,Ermelino Matarazzo,113634
2015,Ermelino Matarazzo,Ermelino Matarazzo,113745
2016,Ermelino Matarazzo,Ermelino Matarazzo,113799
2017,Ermelino Matarazzo,Ermelino Matarazzo,113791
2018,Ermelino Matarazzo,Ermelino Matarazzo,113735
2019,Ermelino Matarazzo,Ermelino Matarazzo,113589
2020,Ermelino Matarazzo,Ermelino Matarazzo,113217
2021,Ermelino Matarazzo,Ermelino Matarazzo,112605
2022,Ermelino Matarazzo,Ermelino Matarazzo,112073
2023,Ermelino Matarazzo,Ermelino Matarazzo,111626
2024,Ermelino Matarazzo,Ermelino Matarazzo,111031
2000,Freguesia/Brasilândia,Freguesia do Ó,145018
2001,Freguesia/Brasilândia,Freguesia do Ó,145110
2002,Freguesia/Brasilândia,Freguesia do Ó,144953
2003,Freguesia/Brasilândia,Freguesia do Ó,144679
2004,Freguesia/Brasilândia,Freguesia do Ó,144417
2005,Freguesia/Brasilândia,Freguesia do Ó,144138
2006,Freguesia/Brasilândia,Freguesia do Ó,143782
2007,Freguesia/Brasilândia,Freguesia do Ó,143379
2008,Freguesia/Brasilândia,Freguesia do Ó,142982
2009,Freguesia/Brasilândia,Freguesia do Ó,142566
2010,Freguesia/Brasilândia,Freguesia do Ó,142349
2011,Freguesia/Brasilândia,Freguesia do Ó,142362
2012,Freguesia/Brasilândia,Freguesia do Ó,142319
2013,Freguesia/Brasilândia,Freguesia do Ó,142204
2014,Freguesia/Brasilândia,Freguesia do Ó,142055
2015,Freguesia/Brasilândia,Freguesia do Ó,141910
2016,Freguesia/Brasilândia,Freguesia do Ó,141733
2017,Freguesia/Brasilândia,Freguesia do Ó,141481
2018,Freguesia/Brasilândia,Freguesia do Ó,141140
2019,Freguesia/Brasilândia,Freguesia do Ó,140627
2020,Freguesia/Brasilândia,Freguesia do Ó,139862
2021,Freguesia/Brasilândia,Freguesia do Ó,138806
2022,Freguesia/Brasilândia,Freguesia do Ó,137618
2023,Freguesia/Brasilândia,Freguesia do Ó,136698
2024,Freguesia/Brasilândia,Freguesia do Ó,135671
2000,Capela do Socorro,Grajaú,331837
2001,Capela do Socorro,Grajaú,335622
2002,Capela do Socorro,Grajaú,338818
2003,Capela do Socorro,Grajaú,341800
2004,Capela do Socorro,Grajaú,344776
2005,Capela do Socorro,Grajaú,347605
2006,Capela do Socorro,Grajaú,350227
2007,Capela do Socorro,Grajaú,352701
2008,Capela do Socorro,Grajaú,355143
2009,Capela do Socorro,Grajaú,357620
2010,Capela do Socorro,Grajaú,360538
2011,Capela do Socorro,Grajaú,363010
2012,Capela do Socorro,Grajaú,365324
2013,Capela do Socorro,Grajaú,367626
2014,Capela do Socorro,Grajaú,369921
2015,Capela do Socorro,Grajaú,372265
2016,Capela do Socorro,Grajaú,374432
2017,Capela do Socorro,Grajaú,376456
2018,Capela do Socorro,Grajaú,378549
2019,Capela do Socorro,Grajaú,380427
2020,Capela do Socorro,Grajaú,381606
2021,Capela do Socorro,Grajaú,381813
2022,Capela do Socorro,Grajaú,382371
2023,Capela do Socorro,Grajaú,382640
2024,Capela do Socorro,Grajaú,382255
2000,Guaianases,Guaianases,98391
2001,Guaianases,Guaianases,99299
2002,Guaianases,Guaianases,100213
2003,Guaianases,Guaianases,100921
2004,Guaianases,Guaianases,101502
2005,Guaianases,Guaianases,102080
2006,Guaianases,Guaianases,102595
2007,Guaianases,Guaianases,102921
2008,Guaianases,Guaianases,103191
2009,Guaianases,Guaianases,103495
2010,Guaianases,Guaianases,103948
2011,Guaianases,Guaianases,104401
2012,Guaianases,Guaianases,104845
2013,Guaianases,Guaianases,105333
2014,Guaianases,Guaianases,105884
2015,Guaianases,Guaianases,106546
2016,Guaianases,Guaianases,107270
2017,Guaianases,Guaianases,107936
2018,Guaianases,Guaianases,108373
2019,Guaianases,Guaianases,108709
2020,Guaianases,Guaianases,108950
2021,Guaianases,Guaianases,108873
2022,Guaianases,Guaianases,108645
2023,Guaianases,Guaianases,108529
2024,Guaianases,Guaianases,108377
2000,São Mateus,Iguatemi,101303
2001,São Mateus,Iguatemi,104037
2002,São Mateus,Iguatemi,106631
2003,São Mateus,Iguatemi,109166
2004,São Mateus,Iguatemi,111805
2005,São Mateus,Iguatemi,114451
2006,São Mateus,Iguatemi,117114
2007,São Mateus,Iguatemi,119665
2008,São Mateus,Iguatemi,122230
2009,São Mateus,Iguatemi,124911
2010,São Mateus,Iguatemi,127418
2011,São Mateus,Iguatemi,129432
2012,São Mateus,Iguatemi,131413
2013,São Mateus,Iguatemi,133323
2014,São Mateus,Iguatemi,135251
2015,São Mateus,Iguatemi,137210
2016,São Mateus,Iguatemi,138949
2017,São Mateus,Iguatemi,140594
2018,São Mateus,Iguatemi,142351
2019,São Mateus,Iguatemi,144126
2020,São Mateus,Iguatemi,145745
2021,São Mateus,Iguatemi,147083
2022,São Mateus,Iguatemi,148463
2023,São Mateus,Iguatemi,149914
2024,São Mateus,Iguatemi,151235
2000,Ipiranga,Ipiranga,98906
2001,Ipiranga,Ipiranga,99776
2002,Ipiranga,Ipiranga,100550
2003,Ipiranga,Ipiranga,101284
2004,Ipiranga,Ipiranga,102043
2005,Ipiranga,Ipiranga,102864
2006,Ipiranga,Ipiranga,103689
2007,Ipiranga,Ipiranga,104445
2008,Ipiranga,Ipiranga,105204
2009,Ipiranga,Ipiranga,106012
2010,Ipiranga,Ipiranga,106797
2011,Ipiranga,Ipiranga,107755
2012,Ipiranga,Ipiranga,108754
2013,Ipiranga,Ipiranga,109763
2014,Ipiranga,Ipiranga,110763
2015,Ipiranga,Ipiranga,111726
2016,Ipiranga,Ipiranga,112628
2017,Ipiranga,Ipiranga,113496
2018,Ipiranga,Ipiranga,114406
2019,Ipiranga,Ipiranga,115314
2020,Ipiranga,Ipiranga,116051
2021,Ipiranga,Ipiranga,116503
2022,Ipiranga,Ipiranga,116842
2023,Ipiranga,Ipiranga,117376
2024,Ipiranga,Ipiranga,117874
2000,Pinheiros,Itaim Bibi,81680
2001,Pinheiros,Itaim Bibi,82746
2002,Pinheiros,Itaim Bibi,83749
2003,Pinheiros,Itaim Bibi,84794
2004,Pinheiros,Itaim Bibi,85845
2005,Pinheiros,Itaim Bibi,86895
2006,Pinheiros,Itaim Bibi,87961
2007,Pinheiros,Itaim Bibi,89055
2008,Pinheiros,Itaim Bibi,90217
2009,Pinheiros,Itaim Bibi,91414
2010,Pinheiros,Itaim Bibi,92474
2011,Pinheiros,Itaim Bibi,93175
2012,Pinheiros,Itaim Bibi,94011
2013,Pinheiros,Itaim Bibi,94915
2014,Pinheiros,Itaim Bibi,95748
2015,Pinheiros,Itaim Bibi,96570
2016,Pinheiros,Itaim Bibi,97445
2017,Pinheiros,Itaim Bibi,98328
2018,Pinheiros,Itaim Bibi,99248
2019,Pinheiros,Itaim Bibi,100161
2020,Pinheiros,Itaim Bibi,100992
2021,Pinheiros,Itaim Bibi,101717
2022,Pinheiros,Itaim Bibi,102374
2023,Pinheiros,Itaim Bibi,103131
2024,Pinheiros,Itaim Bibi,103780
2000,Itaim Paulista,Itaim Paulista,212253
2001,Itaim Paulista,Itaim Paulista,214060
2002,Itaim Paulista,Itaim Paulista,215534
2003,Itaim Paulista,Itaim Paulista,216857
2004,Itaim Paulista,Itaim Paulista,218000
2005,Itaim Paulista,Itaim Paulista,219065
2006,Itaim Paulista,Itaim Paulista,220153
2007,Itaim Paulista,Itaim Paulista,221114
2008,Itaim Paulista,Itaim Paulista,222014
2009,Itaim Paulista,Itaim Paulista,222880
2010,Itaim Paulista,Itaim Paulista,223974
2011,Itaim Paulista,Itaim Paulista,222771
2012,Itaim Paulista,Itaim Paulista,221587
2013,Itaim Paulista,Itaim Paulista,220287
2014,Itaim Paulista,Itaim Paulista,219050
2015,Itaim Paulista,Itaim Paulista,217894
2016,Itaim Paulista,Itaim Paulista,216478
2017,Itaim Paulista,Itaim Paulista,214976
2018,Itaim Paulista,Itaim Paulista,213374
2019,Itaim Paulista,Itaim Paulista,211648
2020,Itaim Paulista,Itaim Paulista,209685
2021,Itaim Paulista,Itaim Paulista,207111
2022,Itaim Paulista,Itaim Paulista,204458
2023,Itaim Paulista,Itaim Paulista,201834
2024,Itaim Paulista,Itaim Paulista,198999
2000,Itaquera,Itaquera,201291
2001,Itaquera,Itaquera,201984
2002,Itaquera,Itaquera,202481
2003,Itaquera,Itaquera,202957
2004,Itaquera,Itaquera,203450
2005,Itaquera,Itaquera,203860
2006,Itaquera,Itaquera,204169
2007,Itaquera,Itaquera,204401
2008,Itaquera,Itaquera,204557
2009,Itaquera,Itaquera,204577
2010,Itaquera,Itaquera,204841
2011,Itaquera,Itaquera,205636
2012,Itaquera,Itaquera,206401
2013,Itaquera,Itaquera,207089
2014,Itaquera,Itaquera,207804
2015,Itaquera,Itaquera,208645
2016,Itaquera,Itaquera,209470
2017,Itaquera,Itaquera,210273
2018,Itaquera,Itaquera,210970
2019,Itaquera,Itaquera,211411
2020,Itaquera,Itaquera,211440
2021,Itaquera,Itaquera,211000
2022,Itaquera,Itaquera,210406
2023,Itaquera,Itaquera,210141
2024,Itaquera,Itaquera,209668
2000,Jabaquara,Jabaquara,214137
2001,Jabaquara,Jabaquara,215451
2002,Jabaquara,Jabaquara,216590
2003,Jabaquara,Jabaquara,217644
2004,Jabaquara,Jabaquara,218634
2005,Jabaquara,Jabaquara,219591
2006,Jabaquara,Jabaquara,220419
2007,Jabaquara,Jabaquara,221220
2008,Jabaquara,Jabaquara,222101
2009,Jabaquara,Jabaquara,222883
2010,Jabaquara,Jabaquara,223699
2011,Jabaquara,Jabaquara,223502
2012,Jabaquara,Jabaquara,223233
2013,Jabaquara,Jabaquara,222893
2014,Jabaquara,Jabaquara,222475
2015,Jabaquara,Jabaquara,222028
2016,Jabaquara,Jabaquara,221557
2017,Jabaquara,Jabaquara,221024
2018,Jabaquara,Jabaquara,220470
2019,Jabaquara,Jabaquara,219734
2020,Jabaquara,Jabaquara,218612
2021,Jabaquara,Jabaquara,217009
2022,Jabaquara,Jabaquara,215352
2023,Jabaquara,Jabaquara,213838
2024,Jabaquara,Jabaquara,212047
2000,Jaçanã/Tremembé,Jaçanã,91779
2001,Jaçanã/Tremembé,Jaçanã,92288
2002,Jaçanã/Tremembé,Jaçanã,92748
2003,Jaçanã/Tremembé,Jaçanã,93125
2004,Jaçanã/Tremembé,Jaçanã,93416
2005,Jaçanã/Tremembé,Jaçanã,93670
2006,Jaçanã/Tremembé,Jaçanã,93895
2007,Jaçanã/Tremembé,Jaçanã,94067
2008,Jaçanã/Tremembé,Jaçanã,94218
2009,Jaçanã/Tremembé,Jaçanã,94379
2010,Jaçanã/Tremembé,Jaçanã,94585
2011,Jaçanã/Tremembé,Jaçanã,94088
2012,Jaçanã/Tremembé,Jaçanã,93588
2013,Jaçanã/Tremembé,Jaçanã,93122
2014,Jaçanã/Tremembé,Jaçanã,92590
2015,Jaçanã/Tremembé,Jaçanã,92079
2016,Jaçanã/Tremembé,Jaçanã,91504
2017,Jaçanã/Tremembé,Jaçanã,90965
2018,Jaçanã/Tremembé,Jaçanã,90513
2019,Jaçanã/Tremembé,Jaçanã,90015
2020,Jaçanã/Tremembé,Jaçanã,89373
2021,Jaçanã/Tremembé,Jaçanã,88462
2022,Jaçanã/Tremembé,Jaçanã,87497
2023,Jaçanã/Tremembé,Jaçanã,86601
2024,Jaçanã/Tremembé,Jaçanã,85579
2000,Lapa,Jaguara,25753
2001,Lapa,Jaguara,25696
2002,Lapa,Jaguara,25624
2003,Lapa,Jaguara,25533
2004,Lapa,Jaguara,25459
2005,Lapa,Jaguara,25399
2006,Lapa,Jaguara,25306
2007,Lapa,Jaguara,25198
2008,Lapa,Jaguara,25077
2009,Lapa,Jaguara,24961
2010,Lapa,Jaguara,24902
2011,Lapa,Jaguara,24919
2012,Lapa,Jaguara,24943
2013,Lapa,Jaguara,24981
2014,Lapa,Jaguara,25006
2015,Lapa,Jaguara,25009
2016,Lapa,Jaguara,25014
2017,Lapa,Jaguara,25013
2018,Lapa,Jaguara,25028
2019,Lapa,Jaguara,25038
2020,Lapa,Jaguara,25019
2021,Lapa,Jaguara,24955
2022,Lapa,Jaguara,24869
2023,Lapa,Jaguara,24796
2024,Lapa,Jaguara,24715
2000,Lapa,Jaguaré,42503
2001,Lapa,Jaguaré,43304
2002,Lapa,Jaguaré,44095
2003,Lapa,Jaguaré,44860
2004,Lapa,Jaguaré,45593
2005,Lapa,Jaguaré,46309
2006,Lapa,Jaguaré,47032
2007,Lapa,Jaguaré,47748
2008,Lapa,Jaguaré,48445
2009,Lapa,Jaguaré,49139
2010,Lapa,Jaguaré,49797
2011,Lapa,Jaguaré,50273
2012,Lapa,Jaguaré,50800
2013,Lapa,Jaguaré,51307
2014,Lapa,Jaguaré,51807
2015,Lapa,Jaguaré,52344
2016,Lapa,Jaguaré,52880
2017,Lapa,Jaguaré,53403
2018,Lapa,Jaguaré,53919
2019,Lapa,Jaguaré,54408
2020,Lapa,Jaguaré,54807
2021,Lapa,Jaguaré,55104
2022,Lapa,Jaguaré,55349
2023,Lapa,Jaguaré,55622
2024,Lapa,Jaguaré,55846
2000,Pirituba/Jaraguá,Jaraguá,145327
2001,Pirituba/Jaraguá,Jaraguá,149437
2002,Pirituba/Jaraguá,Jaraguá,153509
2003,Pirituba/Jaraguá,Jaraguá,157503
2004,Pirituba/Jaraguá,Jaraguá,161478
2005,Pirituba/Jaraguá,Jaraguá,165490
2006,Pirituba/Jaraguá,Jaraguá,169481
2007,Pirituba/Jaraguá,Jaraguá,173326
2008,Pirituba/Jaraguá,Jaraguá,177197
2009,Pirituba/Jaraguá,Jaraguá,181035
2010,Pirituba/Jaraguá,Jaraguá,184451
2011,Pirituba/Jaraguá,Jaraguá,186940
2012,Pirituba/Jaraguá,Jaraguá,189447
2013,Pirituba/Jaraguá,Jaraguá,191874
2014,Pirituba/Jaraguá,Jaraguá,194252
2015,Pirituba/Jaraguá,Jaraguá,196643
2016,Pirituba/Jaraguá,Jaraguá,199000
2017,Pirituba/Jaraguá,Jaraguá,201299
2018,Pirituba/Jaraguá,Jaraguá,203595
2019,Pirituba/Jaraguá,Jaraguá,205775
2020,Pirituba/Jaraguá,Jaraguá,207658
2021,Pirituba/Jaraguá,Jaraguá,209034
2022,Pirituba/Jaraguá,Jaraguá,210373
2023,Pirituba/Jaraguá,Jaraguá,211913
2024,Pirituba/Jaraguá,Jaraguá,213163
2000,M'Boi Mirim,Jardim Ângela,245125
2001,M'Boi Mirim,Jardim Ângela,250604
2002,M'Boi Mirim,Jardim Ângela,255717
2003,M'Boi Mirim,Jardim Ângela,260735
2004,M'Boi Mirim,Jardim Ângela,265661
2005,M'Boi Mirim,Jardim Ângela,270563
2006,M'Boi Mirim,Jardim Ângela,275506
2007,M'Boi Mirim,Jardim Ângela,280398
2008,M'Boi Mirim,Jardim Ângela,285279
2009,M'Boi Mirim,Jardim Ângela,290199
2010,M'Boi Mirim,Jardim Ângela,294979
2011,M'Boi Mirim,Jardim Ângela,296672
2012,M'Boi Mirim,Jardim Ângela,298351
2013,M'Boi Mirim,Jardim Ângela,299893
2014,M'Boi Mirim,Jardim Ângela,301609
2015,M'Boi Mirim,Jardim Ângela,303409
2016,M'Boi Mirim,Jardim Ângela,304837
2017,M'Boi Mirim,Jardim Ângela,306134
2018,M'Boi Mirim,Jardim Ângela,307467
2019,M'Boi Mirim,Jardim Ângela,308661
2020,M'Boi Mirim,Jardim Ângela,309291
2021,M'Boi Mirim,Jardim Ângela,309155
2022,M'Boi Mirim,Jardim Ângela,309046
2023,M'Boi Mirim,Jardim Ângela,308974
2024,M'Boi Mirim,Jardim Ângela,308554
2000,São Miguel Paulista,Jardim Helena,138924
2001,São Miguel Paulista,Jardim Helena,138958
2002,São Miguel Paulista,Jardim Helena,138752
2003,São Miguel Paulista,Jardim Helena,138442
2004,São Miguel Paulista,Jardim Helena,138089
2005,São Miguel Paulista,Jardim Helena,137647
2006,São Miguel Paulista,Jardim Helena,137063
2007,São Miguel Paulista,Jardim Helena,136452
2008,São Miguel Paulista,Jardim Helena,135808
2009,São Miguel Paulista,Jardim Helena,135195
2010,São Miguel Paulista,Jardim Helena,135075
2011,São Miguel Paulista,Jardim Helena,134857
2012,São Miguel Paulista,Jardim Helena,134548
2013,São Miguel Paulista,Jardim Helena,134192
2014,São Miguel Paulista,Jardim Helena,133963
2015,São Miguel Paulista,Jardim Helena,133731
2016,São Miguel Paulista,Jardim Helena,133240
2017,São Miguel Paulista,Jardim Helena,132656
2018,São Miguel Paulista,Jardim Helena,132183
2019,São Miguel Paulista,Jardim Helena,131634
2020,São Miguel Paulista,Jardim Helena,130874
2021,São Miguel Paulista,Jardim Helena,129798
2022,São Miguel Paulista,Jardim Helena,128564
2023,São Miguel Paulista,Jardim Helena,127524
2024,São Miguel Paulista,Jardim Helena,126316
2000,Pinheiros,Jardim Paulista,83844
2001,Pinheiros,Jardim Paulista,84307
2002,Pinheiros,Jardim Paulista,84782
2003,Pinheiros,Jardim Paulista,85254
2004,Pinheiros,Jardim Paulista,85776
2005,Pinheiros,Jardim Paulista,86317
2006,Pinheiros,Jardim Paulista,86760
2007,Pinheiros,Jardim Paulista,87179
2008,Pinheiros,Jardim Paulista,87655
2009,Pinheiros,Jardim Paulista,88176
2010,Pinheiros,Jardim Paulista,88651
2011,Pinheiros,Jardim Paulista,88206
2012,Pinheiros,Jardim Paulista,87777
2013,Pinheiros,Jardim Paulista,87333
2014,Pinheiros,Jardim Paulista,86890
2015,Pinheiros,Jardim Paulista,86423
2016,Pinheiros,Jardim Paulista,85958
2017,Pinheiros,Jardim Paulista,85481
2018,Pinheiros,Jardim Paulista,85047
2019,Pinheiros,Jardim Paulista,84605
2020,Pinheiros,Jardim Paulista,84053
2021,Pinheiros,Jardim Paulista,83480
2022,Pinheiros,Jardim Paulista,82957
2023,Pinheiros,Jardim Paulista,82430
2024,Pinheiros,Jardim Paulista,81830
2000,M'Boi Mirim,Jardim São Luís,238858
2001,M'Boi Mirim,Jardim São Luís,242312
2002,M'Boi Mirim,Jardim São Luís,245310
2003,M'Boi Mirim,Jardim São Luís,248326
2004,M'Boi Mirim,Jardim São Luís,251421
2005,M'Boi Mirim,Jardim São Luís,254411
2006,M'Boi Mirim,Jardim São Luís,257135
2007,M'Boi Mirim,Jardim São Luís,259698
2008,M'Boi Mirim,Jardim São Luís,262289
2009,M'Boi Mirim,Jardim São Luís,264907
2010,M'Boi Mirim,Jardim São Luís,267617
2011,M'Boi Mirim,Jardim São Luís,267562
2012,M'Boi Mirim,Jardim São Luís,267353
2013,M'Boi Mirim,Jardim São Luís,266865
2014,M'Boi Mirim,Jardim São Luís,266275
2015,M'Boi Mirim,Jardim São Luís,265778
2016,M'Boi Mirim,Jardim São Luís,265296
2017,M'Boi Mirim,Jardim São Luís,264695
2018,M'Boi Mirim,Jardim São Luís,263996
2019,M'Boi Mirim,Jardim São Luís,262997
2020,M'Boi Mirim,Jardim São Luís,261699
2021,M'Boi Mirim,Jardim São Luís,260066
2022,M'Boi Mirim,Jardim São Luís,258268
2023,M'Boi Mirim,Jardim São Luís,256293
2024,M'Boi Mirim,Jardim São Luís,254205
2000,Itaquera,José Bonifácio,107069
2001,Itaquera,José Bonifácio,108868
2002,Itaquera,José Bonifácio,110599
2003,Itaquera,José Bonifácio,112302
2004,Itaquera,José Bonifácio,113992
2005,Itaquera,José Bonifácio,115652
2006,Itaquera,José Bonifácio,117270
2007,Itaquera,José Bonifácio,118910
2008,Itaquera,José Bonifácio,120652
2009,Itaquera,José Bonifácio,122403
2010,Itaquera,José Bonifácio,123970
2011,Itaquera,José Bonifácio,124493
2012,Itaquera,José Bonifácio,125096
2013,Itaquera,José Bonifácio,125683
2014,Itaquera,José Bonifácio,126232
2015,Itaquera,José Bonifácio,126721
2016,Itaquera,José Bonifácio,127010
2017,Itaquera,José Bonifácio,127305
2018,Itaquera,José Bonifácio,127695
2019,Itaquera,José Bonifácio,128076
2020,Itaquera,José Bonifácio,128315
2021,Itaquera,José Bonifácio,128217
2022,Itaquera,José Bonifácio,128201
2023,Itaquera,José Bonifácio,128404
2024,Itaquera,José Bonifácio,128534
2000,Guaianases,Lajeado,157316
2001,Guaianases,Lajeado,158271
2002,Guaianases,Lajeado,158991
2003,Guaianases,Lajeado,159627
2004,Guaianases,Lajeado,160377
2005,Guaianases,Lajeado,161124
2006,Guaianases,Lajeado,161768
2007,Guaianases,Lajeado,162388
2008,Guaianases,Lajeado,162939
2009,Guaianases,Lajeado,163528
2010,Guaianases,Lajeado,164451
2011,Guaianases,Lajeado,164668
2012,Guaianases,Lajeado,164923
2013,Guaianases,Lajeado,165145
2014,Guaianases,Lajeado,165342
2015,Guaianases,Lajeado,165607
2016,Guaianases,Lajeado,165802
2017,Guaianases,Lajeado,165895
2018,Guaianases,Lajeado,165857
2019,Guaianases,Lajeado,165649
2020,Guaianases,Lajeado,165158
2021,Guaianases,Lajeado,164243
2022,Guaianases,Lajeado,163323
2023,Guaianases,Lajeado,162474
2024,Guaianases,Lajeado,161642
2000,Lapa,Lapa,60281
2001,Lapa,Lapa,60812
2002,Lapa,Lapa,61308
2003,Lapa,Lapa,61840
2004,Lapa,Lapa,62412
2005,Lapa,Lapa,62987
2006,Lapa,Lapa,63557
2007,Lapa,Lapa,64102
2008,Lapa,Lapa,64656
2009,Lapa,Lapa,65218
2010,Lapa,Lapa,65692
2011,Lapa,Lapa,66623
2012,Lapa,Lapa,67563
2013,Lapa,Lapa,68529
2014,Lapa,Lapa,69514
2015,Lapa,Lapa,70511
2016,Lapa,Lapa,71407
2017,Lapa,Lapa,72290
2018,Lapa,Lapa,73212
2019,Lapa,Lapa,74160
2020,Lapa,Lapa,75048
2021,Lapa,Lapa,75727
2022,Lapa,Lapa,76310
2023,Lapa,Lapa,77046
2024,Lapa,Lapa,77737
2000,Sé,Liberdade,62006
2001,Sé,Liberdade,62806
2002,Sé,Liberdade,63582
2003,Sé,Liberdade,64310
2004,Sé,Liberdade,64959
2005,Sé,Liberdade,65637
2006,Sé,Liberdade,66334
2007,Sé,Liberdade,67000
2008,Sé,Liberdade,67675
2009,Sé,Liberdade,68366
2010,Sé,Liberdade,69030
2011,Sé,Liberdade,68934
2012,Sé,Liberdade,68850
2013,Sé,Liberdade,68718
2014,Sé,Liberdade,68545
2015,Sé,Liberdade,68390
2016,Sé,Liberdade,68247
2017,Sé,Liberdade,68069
2018,Sé,Liberdade,67872
2019,Sé,Liberdade,67637
2020,Sé,Liberdade,67248
2021,Sé,Liberdade,66820
2022,Sé,Liberdade,66435
2023,Sé,Liberdade,65975
2024,Sé,Liberdade,65479
2000,Casa Verde/Cachoeirinha,Limão,82133
2001,Casa Verde/Cachoeirinha,Limão,82039
2002,Casa Verde/Cachoeirinha,Limão,81919
2003,Casa Verde/Cachoeirinha,Limão,81778
2004,Casa Verde/Cachoeirinha,Limão,81629
2005,Casa Verde/Cachoeirinha,Limão,81478
2006,Casa Verde/Cachoeirinha,Limão,81226
2007,Casa Verde/Cachoeirinha,Limão,80933
2008,Casa Verde/Cachoeirinha,Limão,80664
2009,Casa Verde/Cachoeirinha,Limão,80383
2010,Casa Verde/Cachoeirinha,Limão,80245
2011,Casa Verde/Cachoeirinha,Limão,80582
2012,Casa Verde/Cachoeirinha,Limão,80909
2013,Casa Verde/Cachoeirinha,Limão,81273
2014,Casa Verde/Cachoeirinha,Limão,81639
2015,Casa Verde/Cachoeirinha,Limão,81994
2016,Casa Verde/Cachoeirinha,Limão,82369
2017,Casa Verde/Cachoeirinha,Limão,82686
2018,Casa Verde/Cachoeirinha,Limão,82885
2019,Casa Verde/Cachoeirinha,Limão,82929
2020,Casa Verde/Cachoeirinha,Limão,82847
2021,Casa Verde/Cachoeirinha,Limão,82653
2022,Casa Verde/Cachoeirinha,Limão,82341
2023,Casa Verde/Cachoeirinha,Limão,82257
2024,Casa Verde/Cachoeirinha,Limão,82026
2000,Santana/Tucuruvi,Mandaqui,103140
2001,Santana/Tucuruvi,Mandaqui,103826
2002,Santana/Tucuruvi,Mandaqui,104382
2003,Santana/Tucuruvi,Mandaqui,104855
2004,Santana/Tucuruvi,Mandaqui,105300
2005,Santana/Tucuruvi,Mandaqui,105754
2006,Santana/Tucuruvi,Mandaqui,106151
2007,Santana/Tucuruvi,Mandaqui,106491
2008,Santana/Tucuruvi,Mandaqui,106889
2009,Santana/Tucuruvi,Mandaqui,107240
2010,Santana/Tucuruvi,Mandaqui,107543
2011,Santana/Tucuruvi,Mandaqui,107582
2012,Santana/Tucuruvi,Mandaqui,107591
2013,Santana/Tucuruvi,Mandaqui,107518
2014,Santana/Tucuruvi,Mandaqui,107394
2015,Santana/Tucuruvi,Mandaqui,107266
2016,Santana/Tucuruvi,Mandaqui,107082
2017,Santana/Tucuruvi,Mandaqui,106865
2018,Santana/Tucuruvi,Mandaqui,106576
2019,Santana/Tucuruvi,Mandaqui,106219
2020,Santana/Tucuruvi,Mandaqui,105726
2021,Santana/Tucuruvi,Mandaqui,104934
2022,Santana/Tucuruvi,Mandaqui,104152
2023,Santana/Tucuruvi,Mandaqui,103526
2024,Santana/Tucuruvi,Mandaqui,102802
2000,Parelheiros,Marsilac,8380
2001,Parelheiros,Marsilac,8371
2002,Parelheiros,Marsilac,8335
2003,Parelheiros,Marsilac,8316
2004,Parelheiros,Marsilac,8316
2005,Parelheiros,Marsilac,8315
2006,Parelheiros,Marsilac,8303
2007,Parelheiros,Marsilac,8281
2008,Parelheiros,Marsilac,8262
2009,Parelheiros,Marsilac,8250
2010,Parelheiros,Marsilac,8259
2011,Parelheiros,Marsilac,8531
2012,Parelheiros,Marsilac,8797
2013,Parelheiros,Marsilac,9076
2014,Parelheiros,Marsilac,9351
2015,Parelheiros,Marsilac,9610
2016,Parelheiros,Marsilac,9893
2017,Parelheiros,Marsilac,10176
2018,Parelheiros,Marsilac,10456
2019,Parelheiros,Marsilac,10728
2020,Parelheiros,Marsilac,11002
2021,Parelheiros,Marsilac,11224
2022,Parelheiros,Marsilac,11422
2023,Parelheiros,Marsilac,11656
2024,Parelheiros,Marsilac,11902
2000,Vila Mariana,Moema,71342
2001,Vila Mariana,Moema,72545
2002,Vila Mariana,Moema,73718
2003,Vila Mariana,Moema,74903
2004,Vila Mariana,Moema,76055
2005,Vila Mariana,Moema,77228
2006,Vila Mariana,Moema,78457
2007,Vila Mariana,Moema,79690
2008,Vila Mariana,Moema,80939
2009,Vila Mariana,Moema,82189
2010,Vila Mariana,Moema,83261
2011,Vila Mariana,Moema,83267
2012,Vila Mariana,Moema,83328
2013,Vila Mariana,Moema,83402
2014,Vila Mariana,Moema,83455
2015,Vila Mariana,Moema,83486
2016,Vila Mariana,Moema,83437
2017,Vila Mariana,Moema,83392
2018,Vila Mariana,Moema,83403
2019,Vila Mariana,Moema,83385
2020,Vila Mariana,Moema,83272
2021,Vila Mariana,Moema,83045
2022,Vila Mariana,Moema,82918
2023,Vila Mariana,Moema,82756
2024,Vila Mariana,Moema,82541
2000,Moóca,Mooca,63367
2001,Moóca,Mooca,64592
2002,Moóca,Mooca,65793
2003,Moóca,Mooca,66987
2004,Moóca,Mooca,68216
2005,Moóca,Mooca,69440
2006,Moóca,Mooca,70664
2007,Moóca,Mooca,71945
2008,Moóca,Mooca,73217
2009,Moóca,Mooca,74494
2010,Moóca,Mooca,75613
2011,Moóca,Mooca,76265
2012,Moóca,Mooca,76963
2013,Moóca,Mooca,77627
2014,Moóca,Mooca,78250
2015,Moóca,Mooca,78848
2016,Moóca,Mooca,79385
2017,Moóca,Mooca,79902
2018,Moóca,Mooca,80436
2019,Moóca,Mooca,80892
2020,Moóca,Mooca,81189
2021,Moóca,Mooca,81302
2022,Moóca,Mooca,81423
2023,Moóca,Mooca,81592
2024,Moóca,Mooca,81707
2000,Butantã,Morumbi,34640
2001,Butantã,Morumbi,36001
2002,Butantã,Morumbi,37301
2003,Butantã,Morumbi,38570
2004,Butantã,Morumbi,39843
2005,Butantã,Morumbi,41123
2006,Butantã,Morumbi,42356
2007,Butantã,Morumbi,43510
2008,Butantã,Morumbi,44632
2009,Butantã,Morumbi,45786
2010,Butantã,Morumbi,46839
2011,Butantã,Morumbi,46569
2012,Butantã,Morumbi,46397
2013,Butantã,Morumbi,46285
2014,Butantã,Morumbi,46149
2015,Butantã,Morumbi,45993
2016,Butantã,Morumbi,45923
2017,Butantã,Morumbi,45814
2018,Butantã,Morumbi,45569
2019,Butantã,Morumbi,45257
2020,Butantã,Morumbi,44855
2021,Butantã,Morumbi,44324
2022,Butantã,Morumbi,43857
2023,Butantã,Morumbi,43285
2024,Butantã,Morumbi,42623
2000,Parelheiros,Parelheiros,102274
2001,Parelheiros,Parelheiros,105420
2002,Parelheiros,Parelheiros,108361
2003,Parelheiros,Parelheiros,111286
2004,Parelheiros,Parelheiros,114220
2005,Parelheiros,Parelheiros,117135
2006,Parelheiros,Parelheiros,120042
2007,Parelheiros,Parelheiros,122844
2008,Parelheiros,Parelheiros,125596
2009,Parelheiros,Parelheiros,128342
2010,Parelheiros,Parelheiros,130913
2011,Parelheiros,Parelheiros,132835
2012,Parelheiros,Parelheiros,134767
2013,Parelheiros,Parelheiros,136658
2014,Parelheiros,Parelheiros,138534
2015,Parelheiros,Parelheiros,140528
2016,Parelheiros,Parelheiros,142591
2017,Parelheiros,Parelheiros,144662
2018,Parelheiros,Parelheiros,146672
2019,Parelheiros,Parelheiros,148538
2020,Parelheiros,Parelheiros,150067
2021,Parelheiros,Parelheiros,151159
2022,Parelheiros,Parelheiros,152299
2023,Parelheiros,Parelheiros,153407
2024,Parelheiros,Parelheiros,154356
2000,Moóca,Pari,14877
2001,Moóca,Pari,15083
2002,Moóca,Pari,15294
2003,Moóca,Pari,15525
2004,Moóca,Pari,15761
2005,Moóca,Pari,16011
2006,Moóca,Pari,16281
2007,Moóca,Pari,16536
2008,Moóca,Pari,16769
2009,Moóca,Pari,17015
2010,Moóca,Pari,17277
2011,Moóca,Pari,17283
2012,Moóca,Pari,17314
2013,Moóca,Pari,17355
2014,Moóca,Pari,17366
2015,Moóca,Pari,17370
2016,Moóca,Pari,17370
2017,Moóca,Pari,17381
2018,Moóca,Pari,17387
2019,Moóca,Pari,17391
2020,Moóca,Pari,17378
2021,Moóca,Pari,17344
2022,Moóca,Pari,17326
2023,Moóca,Pari,17332
2024,Moóca,Pari,17321
2000,Itaquera,Parque do Carmo,63985
2001,Itaquera,Parque do Carmo,64544
2002,Itaquera,Parque do Carmo,65038
2003,Itaquera,Parque do Carmo,65518
2004,Itaquera,Parque do Carmo,65953
2005,Itaquera,Parque do Carmo,66387
2006,Itaquera,Parque do Carmo,66772
2007,Itaquera,Parque do Carmo,67130
2008,Itaquera,Parque do Carmo,67510
2009,Itaquera,Parque do Carmo,67842
2010,Itaquera,Parque do Carmo,68222
2011,Itaquera,Parque do Carmo,68822
2012,Itaquera,Parque do Carmo,69468
2013,Itaquera,Parque do Carmo,70101
2014,Itaquera,Parque do Carmo,70719
2015,Itaquera,Parque do Carmo,71382
2016,Itaquera,Parque do Carmo,72057
2017,Itaquera,Parque do Carmo,72686
2018,Itaquera,Parque do Carmo,73219
2019,Itaquera,Parque do Carmo,73652
2020,Itaquera,Parque do Carmo,73998
2021,Itaquera,Parque do Carmo,74263
2022,Itaquera,Parque do Carmo,74416
2023,Itaquera,Parque do Carmo,74668
2024,Itaquera,Parque do Carmo,74820
2000,Cidade Ademar,Pedreira,126989
2001,Cidade Ademar,Pedreira,128880
2002,Cidade Ademar,Pedreira,130683
2003,Cidade Ademar,Pedreira,132402
2004,Cidade Ademar,Pedreira,134099
2005,Cidade Ademar,Pedreira,135839
2006,Cidade Ademar,Pedreira,137538
2007,Cidade Ademar,Pedreira,139190
2008,Cidade Ademar,Pedreira,140822
2009,Cidade Ademar,Pedreira,142463
2010,Cidade Ademar,Pedreira,144165
2011,Cidade Ademar,Pedreira,145900
2012,Cidade Ademar,Pedreira,147673
2013,Cidade Ademar,Pedreira,149464
2014,Cidade Ademar,Pedreira,151239
2015,Cidade Ademar,Pedreira,153032
2016,Cidade Ademar,Pedreira,154672
2017,Cidade Ademar,Pedreira,156306
2018,Cidade Ademar,Pedreira,157901
2019,Cidade Ademar,Pedreira,159427
2020,Cidade Ademar,Pedreira,160845
2021,Cidade Ademar,Pedreira,161904
2022,Cidade Ademar,Pedreira,162853
2023,Cidade Ademar,Pedreira,163991
2024,Cidade Ademar,Pedreira,165028
2000,Penha,Penha,124392
2001,Penha,Penha,124863
2002,Penha,Penha,125252
2003,Penha,Penha,125653
2004,Penha,Penha,125956
2005,Penha,Penha,126232
2006,Penha,Penha,126575
2007,Penha,Penha,126881
2008,Penha,Penha,127178
2009,Penha,Penha,127466
2010,Penha,Penha,127791
2011,Penha,Penha,128419
2012,Penha,Penha,129113
2013,Penha,Penha,129800
2014,Penha,Penha,130428
2015,Penha,Penha,131070
2016,Penha,Penha,131574
2017,Penha,Penha,132028
2018,Penha,Penha,132554
2019,Penha,Penha,133034
2020,Penha,Penha,133304
2021,Penha,Penha,133268
2022,Penha,Penha,133179
2023,Penha,Penha,133403
2024,Penha,Penha,133409
2000,Lapa,Perdizes,102521
2001,Lapa,Perdizes,103431
2002,Lapa,Perdizes,104287
2003,Lapa,Perdizes,105193
2004,Lapa,Perdizes,106089
2005,Lapa,Perdizes,106962
2006,Lapa,Perdizes,107814
2007,Lapa,Perdizes,108683
2008,Lapa,Perdizes,109559
2009,Lapa,Perdizes,110390
2010,Lapa,Perdizes,111087
2011,Lapa,Perdizes,110621
2012,Lapa,Perdizes,110135
2013,Lapa,Perdizes,109615
2014,Lapa,Perdizes,109105
2015,Lapa,Perdizes,108575
2016,Lapa,Perdizes,108013
2017,Lapa,Perdizes,107385
2018,Lapa,Perdizes,106726
2019,Lapa,Perdizes,106079
2020,Lapa,Perdizes,105333
2021,Lapa,Perdizes,104447
2022,Lapa,Perdizes,103602
2023,Lapa,Perdizes,102716
2024,Lapa,Perdizes,101794
2000,Perus,Perus,70428
2001,Perus,Perus,71557
2002,Perus,Perus,72579
2003,Perus,Perus,73562
2004,Perus,Perus,74544
2005,Perus,Perus,75543
2006,Perus,Perus,76510
2007,Perus,Perus,77409
2008,Perus,Perus,78335
2009,Perus,Perus,79243
2010,Perus,Perus,80101
2011,Perus,Perus,80891
2012,Perus,Perus,81573
2013,Perus,Perus,82201
2014,Perus,Perus,82927
2015,Perus,Perus,83717
2016,Perus,Perus,84448
2017,Perus,Perus,85063
2018,Perus,Perus,85628
2019,Perus,Perus,86140
2020,Perus,Perus,86580
2021,Perus,Perus,86859
2022,Perus,Perus,87066
2023,Perus,Perus,87323
2024,Perus,Perus,87541
2000,Pinheiros,Pinheiros,63138
2001,Pinheiros,Pinheiros,63371
2002,Pinheiros,Pinheiros,63603
2003,Pinheiros,Pinheiros,63820
2004,Pinheiros,Pinheiros,64078
2005,Pinheiros,Pinheiros,64300
2006,Pinheiros,Pinheiros,64467
2007,Pinheiros,Pinheiros,64709
2008,Pinheiros,Pinheiros,64955
2009,Pinheiros,Pinheiros,65157
2010,Pinheiros,Pinheiros,65345
2011,Pinheiros,Pinheiros,65382
2012,Pinheiros,Pinheiros,65444
2013,Pinheiros,Pinheiros,65489
2014,Pinheiros,Pinheiros,65527
2015,Pinheiros,Pinheiros,65572
2016,Pinheiros,Pinheiros,65693
2017,Pinheiros,Pinheiros,65823
2018,Pinheiros,Pinheiros,65923
2019,Pinheiros,Pinheiros,66016
2020,Pinheiros,Pinheiros,66045
2021,Pinheiros,Pinheiros,66007
2022,Pinheiros,Pinheiros,65995
2023,Pinheiros,Pinheiros,66035
2024,Pinheiros,Pinheiros,66007
2000,Pirituba/Jaraguá,Pirituba,161736
2001,Pirituba/Jaraguá,Pirituba,162572
2002,Pirituba/Jaraguá,Pirituba,163323
2003,Pirituba/Jaraguá,Pirituba,164009
2004,Pirituba/Jaraguá,Pirituba,164671
2005,Pirituba/Jaraguá,Pirituba,165360
2006,Pirituba/Jaraguá,Pirituba,165970
2007,Pirituba/Jaraguá,Pirituba,166444
2008,Pirituba/Jaraguá,Pirituba,166900
2009,Pirituba/Jaraguá,Pirituba,167342
2010,Pirituba/Jaraguá,Pirituba,167879
2011,Pirituba/Jaraguá,Pirituba,169252
2012,Pirituba/Jaraguá,Pirituba,170592
2013,Pirituba/Jaraguá,Pirituba,171858
2014,Pirituba/Jaraguá,Pirituba,173163
2015,Pirituba/Jaraguá,Pirituba,174500
2016,Pirituba/Jaraguá,Pirituba,175685
2017,Pirituba/Jaraguá,Pirituba,176746
2018,Pirituba/Jaraguá,Pirituba,177721
2019,Pirituba/Jaraguá,Pirituba,178575
2020,Pirituba/Jaraguá,Pirituba,179287
2021,Pirituba/Jaraguá,Pirituba,179690
2022,Pirituba/Jaraguá,Pirituba,179888
2023,Pirituba/Jaraguá,Pirituba,180504
2024,Pirituba/Jaraguá,Pirituba,181007
2000,Ermelino Matarazzo,Ponte Rasa,98172
2001,Ermelino Matarazzo,Ponte Rasa,97952
2002,Ermelino Matarazzo,Ponte Rasa,97624
2003,Ermelino Matarazzo,Ponte Rasa,97231
2004,Ermelino Matarazzo,Ponte Rasa,96818
2005,Ermelino Matarazzo,Ponte Rasa,96411
2006,Ermelino Matarazzo,Ponte Rasa,95969
2007,Ermelino Matarazzo,Ponte Rasa,95450
2008,Ermelino Matarazzo,Ponte Rasa,94918
2009,Ermelino Matarazzo,Ponte Rasa,94359
2010,Ermelino Matarazzo,Ponte Rasa,93929
2011,Ermelino Matarazzo,Ponte Rasa,93789
2012,Ermelino Matarazzo,Ponte Rasa,93667
2013,Ermelino Matarazzo,Ponte Rasa,93530
2014,Ermelino Matarazzo,Ponte Rasa,93376
2015,Ermelino Matarazzo,Ponte Rasa,93274
2016,Ermelino Matarazzo,Ponte Rasa,93075
2017,Ermelino Matarazzo,Ponte Rasa,92823
2018,Ermelino Matarazzo,Ponte Rasa,92581
2019,Ermelino Matarazzo,Ponte Rasa,92250
2020,Ermelino Matarazzo,Ponte Rasa,91764
2021,Ermelino Matarazzo,Ponte Rasa,91039
2022,Ermelino Matarazzo,Ponte Rasa,90198
2023,Ermelino Matarazzo,Ponte Rasa,89441
2024,Ermelino Matarazzo,Ponte Rasa,88640
2000,Butantã,Raposo Tavares,91141
2001,Butantã,Raposo Tavares,92116
2002,Butantã,Raposo Tavares,92990
2003,Butantã,Raposo Tavares,93866
2004,Butantã,Raposo Tavares,94763
2005,Butantã,Raposo Tavares,95627
2006,Butantã,Raposo Tavares,96518
2007,Butantã,Raposo Tavares,97417
2008,Butantã,Raposo Tavares,98315
2009,Butantã,Raposo Tavares,99173
2010,Butantã,Raposo Tavares,100086
2011,Butantã,Raposo Tavares,101659
2012,Butantã,Raposo Tavares,103287
2013,Butantã,Raposo Tavares,104846
2014,Butantã,Raposo Tavares,106421
2015,Butantã,Raposo Tavares,108066
2016,Butantã,Raposo Tavares,109679
2017,Butantã,Raposo Tavares,111216
2018,Butantã,Raposo Tavares,112717
2019,Butantã,Raposo Tavares,114082
2020,Butantã,Raposo Tavares,115258
2021,Butantã,Raposo Tavares,116245
2022,Butantã,Raposo Tavares,117108
2023,Butantã,Raposo Tavares,118177
2024,Butantã,Raposo Tavares,119088
2000,Sé,República,47810
2001,Sé,República,48746
2002,Sé,República,49683
2003,Sé,República,50595
2004,Sé,República,51507
2005,Sé,República,52411
2006,Sé,República,53301
2007,Sé,República,54188
2008,Sé,República,55125
2009,Sé,República,56080
2010,Sé,República,56898
2011,Sé,República,57283
2012,Sé,República,57730
2013,Sé,República,58158
2014,Sé,República,58522
2015,Sé,República,58872
2016,Sé,República,59310
2017,Sé,República,59671
2018,Sé,República,59964
2019,Sé,República,60229
2020,Sé,República,60441
2021,Sé,República,60624
2022,Sé,República,60718
2023,Sé,República,60916
2024,Sé,República,61058
2000,Butantã,Rio Pequeno,111690
2001,Butantã,Rio Pequeno,112589
2002,Butantã,Rio Pequeno,113334
2003,Butantã,Rio Pequeno,114002
2004,Butantã,Rio Pequeno,114677
2005,Butantã,Rio Pequeno,115393
2006,Butantã,Rio Pequeno,116019
2007,Butantã,Rio Pequeno,116555
2008,Butantã,Rio Pequeno,117159
2009,Butantã,Rio Pequeno,117732
2010,Butantã,Rio Pequeno,118401
2011,Butantã,Rio Pequeno,119929
2012,Butantã,Rio Pequeno,121391
2013,Butantã,Rio Pequeno,122746
2014,Butantã,Rio Pequeno,123986
2015,Butantã,Rio Pequeno,125141
2016,Butantã,Rio Pequeno,126399
2017,Butantã,Rio Pequeno,127520
2018,Butantã,Rio Pequeno,128544
2019,Butantã,Rio Pequeno,129424
2020,Butantã,Rio Pequeno,130110
2021,Butantã,Rio Pequeno,130709
2022,Butantã,Rio Pequeno,131069
2023,Butantã,Rio Pequeno,131664
2024,Butantã,Rio Pequeno,132079
2000,Ipiranga,Sacomã,228159
2001,Ipiranga,Sacomã,230458
2002,Ipiranga,Sacomã,232532
2003,Ipiranga,Sacomã,234533
2004,Ipiranga,Sacomã,236516
2005,Ipiranga,Sacomã,238528
2006,Ipiranga,Sacomã,240466
2007,Ipiranga,Sacomã,242348
2008,Ipiranga,Sacomã,244166
2009,Ipiranga,Sacomã,245904
2010,Ipiranga,Sacomã,247681
2011,Ipiranga,Sacomã,249123
2012,Ipiranga,Sacomã,250589
2013,Ipiranga,Sacomã,251936
2014,Ipiranga,Sacomã,253367
2015,Ipiranga,Sacomã,254931
2016,Ipiranga,Sacomã,256382
2017,Ipiranga,Sacomã,257794
2018,Ipiranga,Sacomã,259190
2019,Ipiranga,Sacomã,260391
2020,Ipiranga,Sacomã,261159
2021,Ipiranga,Sacomã,261413
2022,Ipiranga,Sacomã,261577
2023,Ipiranga,Sacomã,262011
2024,Ipiranga,Sacomã,262208
2000,Sé,Santa Cecília,71314
2001,Sé,Santa Cecília,72630
2002,Sé,Santa Cecília,73925
2003,Sé,Santa Cecília,75223
2004,Sé,Santa Cecília,76511
2005,Sé,Santa Cecília,77757
2006,Sé,Santa Cecília,78952
2007,Sé,Santa Cecília,80149
2008,Sé,Santa Cecília,81337
2009,Sé,Santa Cecília,82545
2010,Sé,Santa Cecília,83606
2011,Sé,Santa Cecília,83574
2012,Sé,Santa Cecília,83500
2013,Sé,Santa Cecília,83388
2014,Sé,Santa Cecília,83221
2015,Sé,Santa Cecília,83013
2016,Sé,Santa Cecília,82848
2017,Sé,Santa Cecília,82652
2018,Sé,Santa Cecília,82492
2019,Sé,Santa Cecília,82339
2020,Sé,Santa Cecília,82078
2021,Sé,Santa Cecília,81743
2022,Sé,Santa Cecília,81437
2023,Sé,Santa Cecília,81170
2024,Sé,Santa Cecília,80819
2000,Santana/Tucuruvi,Santana,124789
2001,Santana/Tucuruvi,Santana,124282
2002,Santana/Tucuruvi,Santana,123736
2003,Santana/Tucuruvi,Santana,123128
2004,Santana/Tucuruvi,Santana,122501
2005,Santana/Tucuruvi,Santana,121895
2006,Santana/Tucuruvi,Santana,121240
2007,Santana/Tucuruvi,Santana,120571
2008,Santana/Tucuruvi,Santana,119966
2009,Santana/Tucuruvi,Santana,119355
2010,Santana/Tucuruvi,Santana,118845
2011,Santana/Tucuruvi,Santana,118958
2012,Santana/Tucuruvi,Santana,118998
2013,Santana/Tucuruvi,Santana,119024
2014,Santana/Tucuruvi,Santana,119020
2015,Santana/Tucuruvi,Santana,118967
2016,Santana/Tucuruvi,Santana,118877
2017,Santana/Tucuruvi,Santana,118749
2018,Santana/Tucuruvi,Santana,118652
2019,Santana/Tucuruvi,Santana,118481
2020,Santana/Tucuruvi,Santana,118092
2021,Santana/Tucuruvi,Santana,117501
2022,Santana/Tucuruvi,Santana,116831
2023,Santana/Tucuruvi,Santana,116425
2024,Santana/Tucuruvi,Santana,115913
2000,Santo Amaro,Santo Amaro,60673
2001,Santo Amaro,Santo Amaro,61823
2002,Santo Amaro,Santo Amaro,62915
2003,Santo Amaro,Santo Amaro,64015
2004,Santo Amaro,Santo Amaro,65143
2005,Santo Amaro,Santo Amaro,66298
2006,Santo Amaro,Santo Amaro,67406
2007,Santo Amaro,Santo Amaro,68461
2008,Santo Amaro,Santo Amaro,69521
2009,Santo Amaro,Santo Amaro,70578
2010,Santo Amaro,Santo Amaro,71462
2011,Santo Amaro,Santo Amaro,72705
2012,Santo Amaro,Santo Amaro,73970
2013,Santo Amaro,Santo Amaro,75302
2014,Santo Amaro,Santo Amaro,76643
2015,Santo Amaro,Santo Amaro,77984
2016,Santo Amaro,Santo Amaro,79244
2017,Santo Amaro,Santo Amaro,80503
2018,Santo Amaro,Santo Amaro,81779
2019,Santo Amaro,Santo Amaro,83062
2020,Santo Amaro,Santo Amaro,84254
2021,Santo Amaro,Santo Amaro,85238
2022,Santo Amaro,Santo Amaro,86227
2023,Santo Amaro,Santo Amaro,87297
2024,Santo Amaro,Santo Amaro,88344
2000,Pirituba/Jaraguá,São Domingos,82724
2001,Pirituba/Jaraguá,São Domingos,83055
2002,Pirituba/Jaraguá,São Domingos,83308
2003,Pirituba/Jaraguá,São Domingos,83483
2004,Pirituba/Jaraguá,São Domingos,83670
2005,Pirituba/Jaraguá,São Domingos,83899
2006,Pirituba/Jaraguá,São Domingos,84099
2007,Pirituba/Jaraguá,São Domingos,84292
2008,Pirituba/Jaraguá,São Domingos,84462
2009,Pirituba/Jaraguá,São Domingos,84591
2010,Pirituba/Jaraguá,São Domingos,84825
2011,Pirituba/Jaraguá,São Domingos,85292
2012,Pirituba/Jaraguá,São Domingos,85761
2013,Pirituba/Jaraguá,São Domingos,86251
2014,Pirituba/Jaraguá,São Domingos,86801
2015,Pirituba/Jaraguá,São Domingos,87381
2016,Pirituba/Jaraguá,São Domingos,87804
2017,Pirituba/Jaraguá,São Domingos,88160
2018,Pirituba/Jaraguá,São Domingos,88534
2019,Pirituba/Jaraguá,São Domingos,88883
2020,Pirituba/Jaraguá,São Domingos,89108
2021,Pirituba/Jaraguá,São Domingos,89107
2022,Pirituba/Jaraguá,São Domingos,89063
2023,Pirituba/Jaraguá,São Domingos,89199
2024,Pirituba/Jaraguá,São Domingos,89226
2000,Vila Prudente,São Lucas,139469
2001,Vila Prudente,São Lucas,139900
2002,Vila Prudente,São Lucas,140215
2003,Vila Prudente,São Lucas,140527
2004,Vila Prudente,São Lucas,140838
2005,Vila Prudente,São Lucas,141217
2006,Vila Prudente,São Lucas,141536
2007,Vila Prudente,São Lucas,141782
2008,Vila Prudente,São Lucas,142001
2009,Vila Prudente,São Lucas,142118
2010,Vila Prudente,São Lucas,142323
2011,Vila Prudente,São Lucas,142247
2012,Vila Prudente,São Lucas,142274
2013,Vila Prudente,São Lucas,142252
2014,Vila Prudente,São Lucas,142168
2015,Vila Prudente,São Lucas,142110
2016,Vila Prudente,São Lucas,141898
2017,Vila Prudente,São Lucas,141690
2018,Vila Prudente,São Lucas,141479
2019,Vila Prudente,São Lucas,141202
2020,Vila Prudente,São Lucas,140730
2021,Vila Prudente,São Lucas,139791
2022,Vila Prudente,São Lucas,138814
2023,Vila Prudente,São Lucas,138079
2024,Vila Prudente,São Lucas,137250
2000,São Mateus,São Mateus,154839
2001,São Mateus,São Mateus,155243
2002,São Mateus,São Mateus,155535
2003,São Mateus,São Mateus,155743
2004,São Mateus,São Mateus,155876
2005,São Mateus,São Mateus,155971
2006,São Mateus,São Mateus,155966
2007,São Mateus,São Mateus,155805
2008,São Mateus,São Mateus,155502
2009,São Mateus,São Mateus,155159
2010,São Mateus,São Mateus,155138
2011,São Mateus,São Mateus,155518
2012,São Mateus,São Mateus,155824
2013,São Mateus,São Mateus,156055
2014,São Mateus,São Mateus,156332
2015,São Mateus,São Mateus,156578
2016,São Mateus,São Mateus,156671
2017,São Mateus,São Mateus,156707
2018,São Mateus,São Mateus,156824
2019,São Mateus,São Mateus,156870
2020,São Mateus,São Mateus,156649
2021,São Mateus,São Mateus,156109
2022,São Mateus,São Mateus,155467
2023,São Mateus,São Mateus,155101
2024,São Mateus,São Mateus,154556
2000,São Miguel Paulista,São Miguel,97441
2001,São Miguel Paulista,São Miguel,97314
2002,São Miguel Paulista,São Miguel,96967
2003,São Miguel Paulista,São Miguel,96491
2004,São Miguel Paulista,São Miguel,95936
2005,São Miguel Paulista,São Miguel,95415
2006,São Miguel Paulista,São Miguel,94862
2007,São Miguel Paulista,São Miguel,94191
2008,São Miguel Paulista,São Miguel,93427
2009,São Miguel Paulista,São Miguel,92614
2010,São Miguel Paulista,São Miguel,92124
2011,São Miguel Paulista,São Miguel,91546
2012,São Miguel Paulista,São Miguel,90838
2013,São Miguel Paulista,São Miguel,89904
2014,São Miguel Paulista,São Miguel,88931
2015,São Miguel Paulista,São Miguel,88116
2016,São Miguel Paulista,São Miguel,87682
2017,São Miguel Paulista,São Miguel,87186
2018,São Miguel Paulista,São Miguel,86288
2019,São Miguel Paulista,São Miguel,85185
2020,São Miguel Paulista,São Miguel,83916
2021,São Miguel Paulista,São Miguel,82405
2022,São Miguel Paulista,São Miguel,80808
2023,São Miguel Paulista,São Miguel,79411
2024,São Miguel Paulista,São Miguel,77860
2000,São Mateus,São Rafael,124731
2001,São Mateus,São Rafael,126585
2002,São Mateus,São Rafael,128454
2003,São Mateus,São Rafael,130294
2004,São Mateus,São Rafael,132221
2005,São Mateus,São Rafael,134235
2006,São Mateus,São Rafael,136224
2007,São Mateus,São Rafael,138149
2008,São Mateus,São Rafael,140087
2009,São Mateus,São Rafael,142010
2010,São Mateus,São Rafael,143821
2011,São Mateus,São Rafael,144228
2012,São Mateus,São Rafael,144690
2013,São Mateus,São Rafael,145206
2014,São Mateus,São Rafael,145723
2015,São Mateus,São Rafael,146287
2016,São Mateus,São Rafael,146741
2017,São Mateus,São Rafael,147164
2018,São Mateus,São Rafael,147462
2019,São Mateus,São Rafael,147676
2020,São Mateus,São Rafael,147839
2021,São Mateus,São Rafael,147691
2022,São Mateus,São Rafael,147603
2023,São Mateus,São Rafael,147465
2024,São Mateus,São Rafael,147185
2000,Sapopemba,Sapopemba,282054
2001,Sapopemba,Sapopemba,282583
2002,Sapopemba,Sapopemba,282948
2003,Sapopemba,Sapopemba,283243
2004,Sapopemba,Sapopemba,283547
2005,Sapopemba,Sapopemba,283858
2006,Sapopemba,Sapopemba,284026
2007,Sapopemba,Sapopemba,284048
2008,Sapopemba,Sapopemba,284032
2009,Sapopemba,Sapopemba,284030
2010,Sapopemba,Sapopemba,284503
2011,Sapopemba,Sapopemba,283688
2012,Sapopemba,Sapopemba,282945
2013,Sapopemba,Sapopemba,282058
2014,Sapopemba,Sapopemba,281088
2015,Sapopemba,Sapopemba,280098
2016,Sapopemba,Sapopemba,278790
2017,Sapopemba,Sapopemba,277313
2018,Sapopemba,Sapopemba,275758
2019,Sapopemba,Sapopemba,274077
2020,Sapopemba,Sapopemba,271964
2021,Sapopemba,Sapopemba,269198
2022,Sapopemba,Sapopemba,266379
2023,Sapopemba,Sapopemba,263773
2024,Sapopemba,Sapopemba,260925
2000,Vila Mariana,Saúde,118175
2001,Vila Mariana,Saúde,119476
2002,Vila Mariana,Saúde,120750
2003,Vila Mariana,Saúde,122101
2004,Vila Mariana,Saúde,123480
2005,Vila Mariana,Saúde,124787
2006,Vila Mariana,Saúde,126053
2007,Vila Mariana,Saúde,127274
2008,Vila Mariana,Saúde,128453
2009,Vila Mariana,Saúde,129612
2010,Vila Mariana,Saúde,130671
2011,Vila Mariana,Saúde,130821
2012,Vila Mariana,Saúde,131009
2013,Vila Mariana,Saúde,131113
2014,Vila Mariana,Saúde,131138
2015,Vila Mariana,Saúde,131118
2016,Vila Mariana,Saúde,131015
2017,Vila Mariana,Saúde,130893
2018,Vila Mariana,Saúde,130867
2019,Vila Mariana,Saúde,130911
2020,Vila Mariana,Saúde,130767
2021,Vila Mariana,Saúde,130338
2022,Vila Mariana,Saúde,129881
2023,Vila Mariana,Saúde,129530
2024,Vila Mariana,Saúde,129107
2000,Sé,Sé,20174
2001,Sé,Sé,20491
2002,Sé,Sé,20784
2003,Sé,Sé,21079
2004,Sé,Sé,21424
2005,Sé,Sé,21811
2006,Sé,Sé,22167
2007,Sé,Sé,22505
2008,Sé,Sé,22868
2009,Sé,Sé,23241
2010,Sé,Sé,23620
2011,Sé,Sé,23692
2012,Sé,Sé,23790
2013,Sé,Sé,23868
2014,Sé,Sé,23901
2015,Sé,Sé,23956
2016,Sé,Sé,24069
2017,Sé,Sé,24127
2018,Sé,Sé,24127
2019,Sé,Sé,24097
2020,Sé,Sé,23963
2021,Sé,Sé,23805
2022,Sé,Sé,23629
2023,Sé,Sé,23440
2024,Sé,Sé,23209
2000,Capela do Socorro,Socorro,39139
2001,Capela do Socorro,Socorro,39072
2002,Capela do Socorro,Socorro,38954
2003,Capela do Socorro,Socorro,38856
2004,Capela do Socorro,Socorro,38750
2005,Capela do Socorro,Socorro,38611
2006,Capela do Socorro,Socorro,38478
2007,Capela do Socorro,Socorro,38340
2008,Capela do Socorro,Socorro,38157
2009,Capela do Socorro,Socorro,37945
2010,Capela do Socorro,Socorro,37794
2011,Capela do Socorro,Socorro,37928
2012,Capela do Socorro,Socorro,38092
2013,Capela do Socorro,Socorro,38217
2014,Capela do Socorro,Socorro,38306
2015,Capela do Socorro,Socorro,38397
2016,Capela do Socorro,Socorro,38470
2017,Capela do Socorro,Socorro,38535
2018,Capela do Socorro,Socorro,38618
2019,Capela do Socorro,Socorro,38673
2020,Capela do Socorro,Socorro,38672
2021,Capela do Socorro,Socorro,38550
2022,Capela do Socorro,Socorro,38360
2023,Capela do Socorro,Socorro,38265
2024,Capela do Socorro,Socorro,38111
2000,Moóca,Tatuapé,79418
2001,Moóca,Tatuapé,80676
2002,Moóca,Tatuapé,81904
2003,Moóca,Tatuapé,83168
2004,Moóca,Tatuapé,84428
2005,Moóca,Tatuapé,85650
2006,Moóca,Tatuapé,86801
2007,Moóca,Tatuapé,87969
2008,Moóca,Tatuapé,89214
2009,Moóca,Tatuapé,90475
2010,Moóca,Tatuapé,91563
2011,Moóca,Tatuapé,92385
2012,Moóca,Tatuapé,93179
2013,Moóca,Tatuapé,93959
2014,Moóca,Tatuapé,94696
2015,Moóca,Tatuapé,95445
2016,Moóca,Tatuapé,96179
2017,Moóca,Tatuapé,96931
2018,Moóca,Tatuapé,97642
2019,Moóca,Tatuapé,98355
2020,Moóca,Tatuapé,98946
2021,Moóca,Tatuapé,99221
2022,Moóca,Tatuapé,99506
2023,Moóca,Tatuapé,100093
2024,Moóca,Tatuapé,100586
2000,Jaçanã/Tremembé,Tremembé,163428
2001,Jaçanã/Tremembé,Tremembé,166864
2002,Jaçanã/Tremembé,Tremembé,170249
2003,Jaçanã/Tremembé,Tremembé,173674
2004,Jaçanã/Tremembé,Tremembé,177078
2005,Jaçanã/Tremembé,Tremembé,180496
2006,Jaçanã/Tremembé,Tremembé,183883
2007,Jaçanã/Tremembé,Tremembé,187209
2008,Jaçanã/Tremembé,Tremembé,190459
2009,Jaçanã/Tremembé,Tremembé,193776
2010,Jaçanã/Tremembé,Tremembé,196952
2011,Jaçanã/Tremembé,Tremembé,197242
2012,Jaçanã/Tremembé,Tremembé,197440
2013,Jaçanã/Tremembé,Tremembé,197510
2014,Jaçanã/Tremembé,Tremembé,197668
2015,Jaçanã/Tremembé,Tremembé,197936
2016,Jaçanã/Tremembé,Tremembé,198081
2017,Jaçanã/Tremembé,Tremembé,198113
2018,Jaçanã/Tremembé,Tremembé,198046
2019,Jaçanã/Tremembé,Tremembé,197810
2020,Jaçanã/Tremembé,Tremembé,197345
2021,Jaçanã/Tremembé,Tremembé,196566
2022,Jaçanã/Tremembé,Tremembé,195955
2023,Jaçanã/Tremembé,Tremembé,195227
2024,Jaçanã/Tremembé,Tremembé,194428
2000,Santana/Tucuruvi,Tucuruvi,99495
2001,Santana/Tucuruvi,Tucuruvi,99554
2002,Santana/Tucuruvi,Tucuruvi,99487
2003,Santana/Tucuruvi,Tucuruvi,99424
2004,Santana/Tucuruvi,Tucuruvi,99323
2005,Santana/Tucuruvi,Tucuruvi,99161
2006,Santana/Tucuruvi,Tucuruvi,98980
2007,Santana/Tucuruvi,Tucuruvi,98845
2008,Santana/Tucuruvi,Tucuruvi,98752
2009,Santana/Tucuruvi,Tucuruvi,98597
2010,Santana/Tucuruvi,Tucuruvi,98447
2011,Santana/Tucuruvi,Tucuruvi,98862
2012,Santana/Tucuruvi,Tucuruvi,99254
2013,Santana/Tucuruvi,Tucuruvi,99533
2014,Santana/Tucuruvi,Tucuruvi,99758
2015,Santana/Tucuruvi,Tucuruvi,100027
2016,Santana/Tucuruvi,Tucuruvi,100243
2017,Santana/Tucuruvi,Tucuruvi,100456
2018,Santana/Tucuruvi,Tucuruvi,100708
2019,Santana/Tucuruvi,Tucuruvi,100888
2020,Santana/Tucuruvi,Tucuruvi,100909
2021,Santana/Tucuruvi,Tucuruvi,100702
2022,Santana/Tucuruvi,Tucuruvi,100460
2023,Santana/Tucuruvi,Tucuruvi,100403
2024,Santana/Tucuruvi,Tucuruvi,100340
2000,Campo Limpo,Vila Andrade,73293
2001,Campo Limpo,Vila Andrade,78687
2002,Campo Limpo,Vila Andrade,84017
2003,Campo Limpo,Vila Andrade,89322
2004,Campo Limpo,Vila Andrade,94678
2005,Campo Limpo,Vila Andrade,100061
2006,Campo Limpo,Vila Andrade,105401
2007,Campo Limpo,Vila Andrade,110760
2008,Campo Limpo,Vila Andrade,116161
2009,Campo Limpo,Vila Andrade,121629
2010,Campo Limpo,Vila Andrade,126439
2011,Campo Limpo,Vila Andrade,129785
2012,Campo Limpo,Vila Andrade,133241
2013,Campo Limpo,Vila Andrade,136782
2014,Campo Limpo,Vila Andrade,140462
2015,Campo Limpo,Vila Andrade,144229
2016,Campo Limpo,Vila Andrade,147647
2017,Campo Limpo,Vila Andrade,151073
2018,Campo Limpo,Vila Andrade,154637
2019,Campo Limpo,Vila Andrade,158173
2020,Campo Limpo,Vila Andrade,161507
2021,Campo Limpo,Vila Andrade,164479
2022,Campo Limpo,Vila Andrade,167725
2023,Campo Limpo,Vila Andrade,170924
2024,Campo Limpo,Vila Andrade,174102
2000,Itaim Paulista,Vila Curuçá,146289
2001,Itaim Paulista,Vila Curuçá,147070
2002,Itaim Paulista,Vila Curuçá,147517
2003,Itaim Paulista,Vila Curuçá,147856
2004,Itaim Paulista,Vila Curuçá,148251
2005,Itaim Paulista,Vila Curuçá,148517
2006,Itaim Paulista,Vila Curuçá,148674
2007,Itaim Paulista,Vila Curuçá,148731
2008,Itaim Paulista,Vila Curuçá,148759
2009,Itaim Paulista,Vila Curuçá,148794
2010,Itaim Paulista,Vila Curuçá,149030
2011,Itaim Paulista,Vila Curuçá,148574
2012,Itaim Paulista,Vila Curuçá,148172
2013,Itaim Paulista,Vila Curuçá,147750
2014,Itaim Paulista,Vila Curuçá,147387
2015,Itaim Paulista,Vila Curuçá,146982
2016,Itaim Paulista,Vila Curuçá,146220
2017,Itaim Paulista,Vila Curuçá,145415
2018,Itaim Paulista,Vila Curuçá,144754
2019,Itaim Paulista,Vila Curuçá,144058
2020,Itaim Paulista,Vila Curuçá,143104
2021,Itaim Paulista,Vila Curuçá,141728
2022,Itaim Paulista,Vila Curuçá,140360
2023,Itaim Paulista,Vila Curuçá,139084
2024,Itaim Paulista,Vila Curuçá,137675
2000,Aricanduva/Formosa/Carrão,Vila Formosa,93904
2001,Aricanduva/Formosa/Carrão,Vila Formosa,94061
2002,Aricanduva/Formosa/Carrão,Vila Formosa,94153
2003,Aricanduva/Formosa/Carrão,Vila Formosa,94269
2004,Aricanduva/Formosa/Carrão,Vila Formosa,94378
2005,Aricanduva/Formosa/Carrão,Vila Formosa,94488
2006,Aricanduva/Formosa/Carrão,Vila Formosa,94538
2007,Aricanduva/Formosa/Carrão,Vila Formosa,94540
2008,Aricanduva/Formosa/Carrão,Vila Formosa,94590
2009,Aricanduva/Formosa/Carrão,Vila Formosa,94655
2010,Aricanduva/Formosa/Carrão,Vila Formosa,94792
2011,Aricanduva/Formosa/Carrão,Vila Formosa,94806
2012,Aricanduva/Formosa/Carrão,Vila Formosa,94831
2013,Aricanduva/Formosa/Carrão,Vila Formosa,94868
2014,Aricanduva/Formosa/Carrão,Vila Formosa,94894
2015,Aricanduva/Formosa/Carrão,Vila Formosa,94892
2016,Aricanduva/Formosa/Carrão,Vila Formosa,94760
2017,Aricanduva/Formosa/Carrão,Vila Formosa,94606
2018,Aricanduva/Formosa/Carrão,Vila Formosa,94451
2019,Aricanduva/Formosa/Carrão,Vila Formosa,94276
2020,Aricanduva/Formosa/Carrão,Vila Formosa,94005
2021,Aricanduva/Formosa/Carrão,Vila Formosa,93483
2022,Aricanduva/Formosa/Carrão,Vila Formosa,92885
2023,Aricanduva/Formosa/Carrão,Vila Formosa,92513
2024,Aricanduva/Formosa/Carrão,Vila Formosa,91975
2000,Vila Maria/Vila Guilherme,Vila Guilherme,50090
2001,Vila Maria/Vila Guilherme,Vila Guilherme,50482
2002,Vila Maria/Vila Guilherme,Vila Guilherme,50849
2003,Vila Maria/Vila Guilherme,Vila Guilherme,51241
2004,Vila Maria/Vila Guilherme,Vila Guilherme,51676
2005,Vila Maria/Vila Guilherme,Vila Guilherme,52106
2006,Vila Maria/Vila Guilherme,Vila Guilherme,52526
2007,Vila Maria/Vila Guilherme,Vila Guilherme,52934
2008,Vila Maria/Vila Guilherme,Vila Guilherme,53372
2009,Vila Maria/Vila Guilherme,Vila Guilherme,53845
2010,Vila Maria/Vila Guilherme,Vila Guilherme,54295
2011,Vila Maria/Vila Guilherme,Vila Guilherme,54273
2012,Vila Maria/Vila Guilherme,Vila Guilherme,54282
2013,Vila Maria/Vila Guilherme,Vila Guilherme,54301
2014,Vila Maria/Vila Guilherme,Vila Guilherme,54293
2015,Vila Maria/Vila Guilherme,Vila Guilherme,54237
2016,Vila Maria/Vila Guilherme,Vila Guilherme,54155
2017,Vila Maria/Vila Guilherme,Vila Guilherme,54007
2018,Vila Maria/Vila Guilherme,Vila Guilherme,53871
2019,Vila Maria/Vila Guilherme,Vila Guilherme,53729
2020,Vila Maria/Vila Guilherme,Vila Guilherme,53500
2021,Vila Maria/Vila Guilherme,Vila Guilherme,53130
2022,Vila Maria/Vila Guilherme,Vila Guilherme,52764
2023,Vila Maria/Vila Guilherme,Vila Guilherme,52470
2024,Vila Maria/Vila Guilherme,Vila Guilherme,52109
2000,São Miguel Paulista,Vila Jacuí,141544
2001,São Miguel Paulista,Vila Jacuí,141976
2002,São Miguel Paulista,Vila Jacuí,142170
2003,São Miguel Paulista,Vila Jacuí,142271
2004,São Miguel Paulista,Vila Jacuí,142305
2005,São Miguel Paulista,Vila Jacuí,142377
2006,São Miguel Paulista,Vila Jacuí,142402
2007,São Miguel Paulista,Vila Jacuí,142310
2008,São Miguel Paulista,Vila Jacuí,142202
2009,São Miguel Paulista,Vila Jacuí,142145
2010,São Miguel Paulista,Vila Jacuí,142365
2011,São Miguel Paulista,Vila Jacuí,141822
2012,São Miguel Paulista,Vila Jacuí,141316
2013,São Miguel Paulista,Vila Jacuí,140880
2014,São Miguel Paulista,Vila Jacuí,140488
2015,São Miguel Paulista,Vila Jacuí,140105
2016,São Miguel Paulista,Vila Jacuí,139374
2017,São Miguel Paulista,Vila Jacuí,138587
2018,São Miguel Paulista,Vila Jacuí,137917
2019,São Miguel Paulista,Vila Jacuí,137253
2020,São Miguel Paulista,Vila Jacuí,136439
2021,São Miguel Paulista,Vila Jacuí,135258
2022,São Miguel Paulista,Vila Jacuí,134048
2023,São Miguel Paulista,Vila Jacuí,133074
2024,São Miguel Paulista,Vila Jacuí,131912
2000,Lapa,Vila Leopoldina,26874
2001,Lapa,Vila Leopoldina,28033
2002,Lapa,Vila Leopoldina,29202
2003,Lapa,Vila Leopoldina,30436
2004,Lapa,Vila Leopoldina,31704
2005,Lapa,Vila Leopoldina,32966
2006,Lapa,Vila Leopoldina,34260
2007,Lapa,Vila Leopoldina,35573
2008,Lapa,Vila Leopoldina,36898
2009,Lapa,Vila Leopoldina,38222
2010,Lapa,Vila Leopoldina,39360
2011,Lapa,Vila Leopoldina,39974
2012,Lapa,Vila Leopoldina,40678
2013,Lapa,Vila Leopoldina,41404
2014,Lapa,Vila Leopoldina,42164
2015,Lapa,Vila Leopoldina,42951
2016,Lapa,Vila Leopoldina,43639
2017,Lapa,Vila Leopoldina,44310
2018,Lapa,Vila Leopoldina,44976
2019,Lapa,Vila Leopoldina,45617
2020,Lapa,Vila Leopoldina,46131
2021,Lapa,Vila Leopoldina,46504
2022,Lapa,Vila Leopoldina,46961
2023,Lapa,Vila Leopoldina,47392
2024,Lapa,Vila Leopoldina,47815
2000,Vila Maria/Vila Guilherme,Vila Maria,113944
2001,Vila Maria/Vila Guilherme,Vila Maria,114035
2002,Vila Maria/Vila Guilherme,Vila Maria,114128
2003,Vila Maria/Vila Guilherme,Vila Maria,114173
2004,Vila Maria/Vila Guilherme,Vila Maria,114094
2005,Vila Maria/Vila Guilherme,Vila Maria,114062
2006,Vila Maria/Vila Guilherme,Vila Maria,113981
2007,Vila Maria/Vila Guilherme,Vila Maria,113768
2008,Vila Maria/Vila Guilherme,Vila Maria,113558
2009,Vila Maria/Vila Guilherme,Vila Maria,113398
2010,Vila Maria/Vila Guilherme,Vila Maria,113467
2011,Vila Maria/Vila Guilherme,Vila Maria,113174
2012,Vila Maria/Vila Guilherme,Vila Maria,112877
2013,Vila Maria/Vila Guilherme,Vila Maria,112547
2014,Vila Maria/Vila Guilherme,Vila Maria,112206
2015,Vila Maria/Vila Guilherme,Vila Maria,111859
2016,Vila Maria/Vila Guilherme,Vila Maria,111526
2017,Vila Maria/Vila Guilherme,Vila Maria,111163
2018,Vila Maria/Vila Guilherme,Vila Maria,110787
2019,Vila Maria/Vila Guilherme,Vila Maria,110362
2020,Vila Maria/Vila Guilherme,Vila Maria,109841
2021,Vila Maria/Vila Guilherme,Vila Maria,109169
2022,Vila Maria/Vila Guilherme,Vila Maria,108403
2023,Vila Maria/Vila Guilherme,Vila Maria,107669
2024,Vila Maria/Vila Guilherme,Vila Maria,106771
2000,Vila Mariana,Vila Mariana,123788
2001,Vila Mariana,Vila Mariana,124515
2002,Vila Mariana,Vila Mariana,125225
2003,Vila Mariana,Vila Mariana,125900
2004,Vila Mariana,Vila Mariana,126572
2005,Vila Mariana,Vila Mariana,127278
2006,Vila Mariana,Vila Mariana,127975
2007,Vila Mariana,Vila Mariana,128615
2008,Vila Mariana,Vila Mariana,129208
2009,Vila Mariana,Vila Mariana,129832
2010,Vila Mariana,Vila Mariana,130427
2011,Vila Mariana,Vila Mariana,130329
2012,Vila Mariana,Vila Mariana,130282
2013,Vila Mariana,Vila Mariana,130280
2014,Vila Mariana,Vila Mariana,130249
2015,Vila Mariana,Vila Mariana,130165
2016,Vila Mariana,Vila Mariana,130118
2017,Vila Mariana,Vila Mariana,130028
2018,Vila Mariana,Vila Mariana,129950
2019,Vila Mariana,Vila Mariana,129879
2020,Vila Mariana,Vila Mariana,129597
2021,Vila Mariana,Vila Mariana,129186
2022,Vila Mariana,Vila Mariana,128746
2023,Vila Mariana,Vila Mariana,128418
2024,Vila Mariana,Vila Mariana,127995
2000,Penha,Vila Matilde,103007
2001,Penha,Vila Matilde,103324
2002,Penha,Vila Matilde,103580
2003,Penha,Vila Matilde,103803
2004,Penha,Vila Matilde,104028
2005,Penha,Vila Matilde,104222
2006,Penha,Vila Matilde,104396
2007,Penha,Vila Matilde,104528
2008,Penha,Vila Matilde,104645
2009,Penha,Vila Matilde,104778
2010,Penha,Vila Matilde,104931
2011,Penha,Vila Matilde,104972
2012,Penha,Vila Matilde,105023
2013,Penha,Vila Matilde,105113
2014,Penha,Vila Matilde,105239
2015,Penha,Vila Matilde,105417
2016,Penha,Vila Matilde,105511
2017,Penha,Vila Matilde,105604
2018,Penha,Vila Matilde,105667
2019,Penha,Vila Matilde,105628
2020,Penha,Vila Matilde,105373
2021,Penha,Vila Matilde,104739
2022,Penha,Vila Matilde,104088
2023,Penha,Vila Matilde,103610
2024,Penha,Vila Matilde,103089
2000,Vila Maria/Vila Guilherme,Vila Medeiros,140725
2001,Vila Maria/Vila Guilherme,Vila Medeiros,139866
2002,Vila Maria/Vila Guilherme,Vila Medeiros,138844
2003,Vila Maria/Vila Guilherme,Vila Medeiros,137770
2004,Vila Maria/Vila Guilherme,Vila Medeiros,136697
2005,Vila Maria/Vila Guilherme,Vila Medeiros,135595
2006,Vila Maria/Vila Guilherme,Vila Medeiros,134456
2007,Vila Maria/Vila Guilherme,Vila Medeiros,133262
2008,Vila Maria/Vila Guilherme,Vila Medeiros,132044
2009,Vila Maria/Vila Guilherme,Vila Medeiros,130844
2010,Vila Maria/Vila Guilherme,Vila Medeiros,130005
2011,Vila Maria/Vila Guilherme,Vila Medeiros,129038
2012,Vila Maria/Vila Guilherme,Vila Medeiros,128061
2013,Vila Maria/Vila Guilherme,Vila Medeiros,126977
2014,Vila Maria/Vila Guilherme,Vila Medeiros,125825
2015,Vila Maria/Vila Guilherme,Vila Medeiros,124741
2016,Vila Maria/Vila Guilherme,Vila Medeiros,123677
2017,Vila Maria/Vila Guilherme,Vila Medeiros,122549
2018,Vila Maria/Vila Guilherme,Vila Medeiros,121373
2019,Vila Maria/Vila Guilherme,Vila Medeiros,120154
2020,Vila Maria/Vila Guilherme,Vila Medeiros,118765
2021,Vila Maria/Vila Guilherme,Vila Medeiros,117074
2022,Vila Maria/Vila Guilherme,Vila Medeiros,115273
2023,Vila Maria/Vila Guilherme,Vila Medeiros,113631
2024,Vila Maria/Vila Guilherme,Vila Medeiros,111745
2000,Vila Prudente,Vila Prudente,102227
2001,Vila Prudente,Vila Prudente,102601
2002,Vila Prudente,Vila Prudente,102887
2003,Vila Prudente,Vila Prudente,103046
2004,Vila Prudente,Vila Prudente,103180
2005,Vila Prudente,Vila Prudente,103375
2006,Vila Prudente,Vila Prudente,103578
2007,Vila Prudente,Vila Prudente,103712
2008,Vila Prudente,Vila Prudente,103833
2009,Vila Prudente,Vila Prudente,103993
2010,Vila Prudente,Vila Prudente,104225
2011,Vila Prudente,Vila Prudente,104479
2012,Vila Prudente,Vila Prudente,104725
2013,Vila Prudente,Vila Prudente,104965
2014,Vila Prudente,Vila Prudente,105241
2015,Vila Prudente,Vila Prudente,105621
2016,Vila Prudente,Vila Prudente,105962
2017,Vila Prudente,Vila Prudente,106275
2018,Vila Prudente,Vila Prudente,106519
2019,Vila Prudente,Vila Prudente,106637
2020,Vila Prudente,Vila Prudente,106664
2021,Vila Prudente,Vila Prudente,106520
2022,Vila Prudente,Vila Prudente,106347
2023,Vila Prudente,Vila Prudente,106313
2024,Vila Prudente,Vila Prudente,106187
2000,Butantã,Vila Sônia,87354
2001,Butantã,Vila Sônia,89588
2002,Butantã,Vila Sônia,91743
2003,Butantã,Vila Sônia,93879
2004,Butantã,Vila Sônia,96016
2005,Butantã,Vila Sônia,98120
2006,Butantã,Vila Sônia,100215
2007,Butantã,Vila Sônia,102279
2008,Butantã,Vila Sônia,104300
2009,Butantã,Vila Sônia,106365
2010,Butantã,Vila Sônia,108247
2011,Butantã,Vila Sônia,109810
2012,Butantã,Vila Sônia,111309
2013,Butantã,Vila Sônia,112773
2014,Butantã,Vila Sônia,114237
2015,Butantã,Vila Sônia,115696
2016,Butantã,Vila Sônia,117065
2017,Butantã,Vila Sônia,118348
2018,Butantã,Vila Sônia,119620
2019,Butantã,Vila Sônia,120863
2020,Butantã,Vila Sônia,121973
2021,Butantã,Vila Sônia,122868
2022,Butantã,Vila Sônia,123701
2023,Butantã,Vila Sônia,124605
2024,Butantã,Vila Sônia,125416
